userId|uid|userType|mail|companyName|familyName|givenName
ric00001|100001|internal-partner|ric00001@partner.nri.co.jp|株式会社リック|理津駆|００００１
ric00002|100002|internal-partner|ric00002@partner.nri.co.jp|株式会社リック|理津駆|００００２
ric00003|100003|internal-partner|ric00003@partner.nri.co.jp|株式会社リック|理津駆|００００３
ric00004|100004|internal-partner|ric00004@partner.nri.co.jp|株式会社リック|理津駆|００００４
ric00005|100005|internal-partner|ric00005@partner.nri.co.jp|株式会社リック|理津駆|００００５
ric00006|100006|internal-partner|ric00006@partner.nri.co.jp|株式会社リック|理津駆|００００６
ric00007|100007|internal-partner|ric00007@partner.nri.co.jp|株式会社リック|理津駆|００００７
ric00008|100008|internal-partner|ric00008@partner.nri.co.jp|株式会社リック|理津駆|００００８
ric00009|100009|internal-partner|ric00009@partner.nri.co.jp|株式会社リック|理津駆|００００９
ric00010|100010|internal-partner|ric00010@partner.nri.co.jp|株式会社リック|理津駆|０００１０
ric00011|100011|internal-partner|ric00011@partner.nri.co.jp|株式会社リック|理津駆|０００１１
ric00012|100012|internal-partner|ric00012@partner.nri.co.jp|株式会社リック|理津駆|０００１２
ric00013|100013|internal-partner|ric00013@partner.nri.co.jp|株式会社リック|理津駆|０００１３
ric00014|100014|internal-partner|ric00014@partner.nri.co.jp|株式会社リック|理津駆|０００１４
ric00015|100015|internal-partner|ric00015@partner.nri.co.jp|株式会社リック|理津駆|０００１５
ric00016|100016|internal-partner|ric00016@partner.nri.co.jp|株式会社リック|理津駆|０００１６
ric00017|100017|internal-partner|ric00017@partner.nri.co.jp|株式会社リック|理津駆|０００１７
ric00018|100018|internal-partner|ric00018@partner.nri.co.jp|株式会社リック|理津駆|０００１８
ric00019|100019|internal-partner|ric00019@partner.nri.co.jp|株式会社リック|理津駆|０００１９
ric00020|100020|internal-partner|ric00020@partner.nri.co.jp|株式会社リック|理津駆|０００２０
ric00021|100021|internal-partner|ric00021@partner.nri.co.jp|株式会社リック|理津駆|０００２１
ric00022|100022|internal-partner|ric00022@partner.nri.co.jp|株式会社リック|理津駆|０００２２
ric00023|100023|internal-partner|ric00023@partner.nri.co.jp|株式会社リック|理津駆|０００２３
ric00024|100024|internal-partner|ric00024@partner.nri.co.jp|株式会社リック|理津駆|０００２４
ric00025|100025|internal-partner|ric00025@partner.nri.co.jp|株式会社リック|理津駆|０００２５
ric00026|100026|internal-partner|ric00026@partner.nri.co.jp|株式会社リック|理津駆|０００２６
ric00027|100027|internal-partner|ric00027@partner.nri.co.jp|株式会社リック|理津駆|０００２７
ric00028|100028|internal-partner|ric00028@partner.nri.co.jp|株式会社リック|理津駆|０００２８
ric00029|100029|internal-partner|ric00029@partner.nri.co.jp|株式会社リック|理津駆|０００２９
ric00030|100030|internal-partner|ric00030@partner.nri.co.jp|株式会社リック|理津駆|０００３０
ric00031|100031|internal-partner|ric00031@partner.nri.co.jp|株式会社リック|理津駆|０００３１
ric00032|100032|internal-partner|ric00032@partner.nri.co.jp|株式会社リック|理津駆|０００３２
ric00033|100033|internal-partner|ric00033@partner.nri.co.jp|株式会社リック|理津駆|０００３３
ric00034|100034|internal-partner|ric00034@partner.nri.co.jp|株式会社リック|理津駆|０００３４
ric00035|100035|internal-partner|ric00035@partner.nri.co.jp|株式会社リック|理津駆|０００３５
ric00036|100036|internal-partner|ric00036@partner.nri.co.jp|株式会社リック|理津駆|０００３６
ric00037|100037|internal-partner|ric00037@partner.nri.co.jp|株式会社リック|理津駆|０００３７
ric00038|100038|internal-partner|ric00038@partner.nri.co.jp|株式会社リック|理津駆|０００３８
ric00039|100039|internal-partner|ric00039@partner.nri.co.jp|株式会社リック|理津駆|０００３９
ric00040|100040|internal-partner|ric00040@partner.nri.co.jp|株式会社リック|理津駆|０００４０
ric00041|100041|internal-partner|ric00041@partner.nri.co.jp|株式会社リック|理津駆|０００４１
ric00042|100042|internal-partner|ric00042@partner.nri.co.jp|株式会社リック|理津駆|０００４２
ric00043|100043|internal-partner|ric00043@partner.nri.co.jp|株式会社リック|理津駆|０００４３
ric00044|100044|internal-partner|ric00044@partner.nri.co.jp|株式会社リック|理津駆|０００４４
ric00045|100045|internal-partner|ric00045@partner.nri.co.jp|株式会社リック|理津駆|０００４５
ric00046|100046|internal-partner|ric00046@partner.nri.co.jp|株式会社リック|理津駆|０００４６
ric00047|100047|internal-partner|ric00047@partner.nri.co.jp|株式会社リック|理津駆|０００４７
ric00048|100048|internal-partner|ric00048@partner.nri.co.jp|株式会社リック|理津駆|０００４８
ric00049|100049|internal-partner|ric00049@partner.nri.co.jp|株式会社リック|理津駆|０００４９
ric00050|100050|internal-partner|ric00050@partner.nri.co.jp|株式会社リック|理津駆|０００５０
ric00051|100051|internal-partner|ric00051@partner.nri.co.jp|株式会社リック|理津駆|０００５１
ric00052|100052|internal-partner|ric00052@partner.nri.co.jp|株式会社リック|理津駆|０００５２
ric00053|100053|internal-partner|ric00053@partner.nri.co.jp|株式会社リック|理津駆|０００５３
ric00054|100054|internal-partner|ric00054@partner.nri.co.jp|株式会社リック|理津駆|０００５４
ric00055|100055|internal-partner|ric00055@partner.nri.co.jp|株式会社リック|理津駆|０００５５
ric00056|100056|internal-partner|ric00056@partner.nri.co.jp|株式会社リック|理津駆|０００５６
ric00057|100057|internal-partner|ric00057@partner.nri.co.jp|株式会社リック|理津駆|０００５７
ric00058|100058|internal-partner|ric00058@partner.nri.co.jp|株式会社リック|理津駆|０００５８
ric00059|100059|internal-partner|ric00059@partner.nri.co.jp|株式会社リック|理津駆|０００５９
ric00060|100060|internal-partner|ric00060@partner.nri.co.jp|株式会社リック|理津駆|０００６０
ric00061|100061|internal-partner|ric00061@partner.nri.co.jp|株式会社リック|理津駆|０００６１
ric00062|100062|internal-partner|ric00062@partner.nri.co.jp|株式会社リック|理津駆|０００６２
ric00063|100063|internal-partner|ric00063@partner.nri.co.jp|株式会社リック|理津駆|０００６３
ric00064|100064|internal-partner|ric00064@partner.nri.co.jp|株式会社リック|理津駆|０００６４
ric00065|100065|internal-partner|ric00065@partner.nri.co.jp|株式会社リック|理津駆|０００６５
ric00066|100066|internal-partner|ric00066@partner.nri.co.jp|株式会社リック|理津駆|０００６６
ric00067|100067|internal-partner|ric00067@partner.nri.co.jp|株式会社リック|理津駆|０００６７
ric00068|100068|internal-partner|ric00068@partner.nri.co.jp|株式会社リック|理津駆|０００６８
ric00069|100069|internal-partner|ric00069@partner.nri.co.jp|株式会社リック|理津駆|０００６９
ric00070|100070|internal-partner|ric00070@partner.nri.co.jp|株式会社リック|理津駆|０００７０
ric00071|100071|internal-partner|ric00071@partner.nri.co.jp|株式会社リック|理津駆|０００７１
ric00072|100072|internal-partner|ric00072@partner.nri.co.jp|株式会社リック|理津駆|０００７２
ric00073|100073|internal-partner|ric00073@partner.nri.co.jp|株式会社リック|理津駆|０００７３
ric00074|100074|internal-partner|ric00074@partner.nri.co.jp|株式会社リック|理津駆|０００７４
ric00075|100075|internal-partner|ric00075@partner.nri.co.jp|株式会社リック|理津駆|０００７５
ric00076|100076|internal-partner|ric00076@partner.nri.co.jp|株式会社リック|理津駆|０００７６
ric00077|100077|internal-partner|ric00077@partner.nri.co.jp|株式会社リック|理津駆|０００７７
ric00078|100078|internal-partner|ric00078@partner.nri.co.jp|株式会社リック|理津駆|０００７８
ric00079|100079|internal-partner|ric00079@partner.nri.co.jp|株式会社リック|理津駆|０００７９
ric00080|100080|internal-partner|ric00080@partner.nri.co.jp|株式会社リック|理津駆|０００８０
ric00081|100081|internal-partner|ric00081@partner.nri.co.jp|株式会社リック|理津駆|０００８１
ric00082|100082|internal-partner|ric00082@partner.nri.co.jp|株式会社リック|理津駆|０００８２
ric00083|100083|internal-partner|ric00083@partner.nri.co.jp|株式会社リック|理津駆|０００８３
ric00084|100084|internal-partner|ric00084@partner.nri.co.jp|株式会社リック|理津駆|０００８４
ric00085|100085|internal-partner|ric00085@partner.nri.co.jp|株式会社リック|理津駆|０００８５
ric00086|100086|internal-partner|ric00086@partner.nri.co.jp|株式会社リック|理津駆|０００８６
ric00087|100087|internal-partner|ric00087@partner.nri.co.jp|株式会社リック|理津駆|０００８７
ric00088|100088|internal-partner|ric00088@partner.nri.co.jp|株式会社リック|理津駆|０００８８
ric00089|100089|internal-partner|ric00089@partner.nri.co.jp|株式会社リック|理津駆|０００８９
ric00090|100090|internal-partner|ric00090@partner.nri.co.jp|株式会社リック|理津駆|０００９０
ric00091|100091|internal-partner|ric00091@partner.nri.co.jp|株式会社リック|理津駆|０００９１
ric00092|100092|internal-partner|ric00092@partner.nri.co.jp|株式会社リック|理津駆|０００９２
ric00093|100093|internal-partner|ric00093@partner.nri.co.jp|株式会社リック|理津駆|０００９３
ric00094|100094|internal-partner|ric00094@partner.nri.co.jp|株式会社リック|理津駆|０００９４
ric00095|100095|internal-partner|ric00095@partner.nri.co.jp|株式会社リック|理津駆|０００９５
ric00096|100096|internal-partner|ric00096@partner.nri.co.jp|株式会社リック|理津駆|０００９６
ric00097|100097|internal-partner|ric00097@partner.nri.co.jp|株式会社リック|理津駆|０００９７
ric00098|100098|internal-partner|ric00098@partner.nri.co.jp|株式会社リック|理津駆|０００９８
ric00099|100099|internal-partner|ric00099@partner.nri.co.jp|株式会社リック|理津駆|０００９９
ric00100|100100|internal-partner|ric00100@partner.nri.co.jp|株式会社リック|理津駆|００１００
ric00101|100101|internal-partner|ric00101@partner.nri.co.jp|株式会社リック|理津駆|００１０１
ric00102|100102|internal-partner|ric00102@partner.nri.co.jp|株式会社リック|理津駆|００１０２
ric00103|100103|internal-partner|ric00103@partner.nri.co.jp|株式会社リック|理津駆|００１０３
ric00104|100104|internal-partner|ric00104@partner.nri.co.jp|株式会社リック|理津駆|００１０４
ric00105|100105|internal-partner|ric00105@partner.nri.co.jp|株式会社リック|理津駆|００１０５
ric00106|100106|internal-partner|ric00106@partner.nri.co.jp|株式会社リック|理津駆|００１０６
ric00107|100107|internal-partner|ric00107@partner.nri.co.jp|株式会社リック|理津駆|００１０７
ric00108|100108|internal-partner|ric00108@partner.nri.co.jp|株式会社リック|理津駆|００１０８
ric00109|100109|internal-partner|ric00109@partner.nri.co.jp|株式会社リック|理津駆|００１０９
ric00110|100110|internal-partner|ric00110@partner.nri.co.jp|株式会社リック|理津駆|００１１０
ric00111|100111|internal-partner|ric00111@partner.nri.co.jp|株式会社リック|理津駆|００１１１
ric00112|100112|internal-partner|ric00112@partner.nri.co.jp|株式会社リック|理津駆|００１１２
ric00113|100113|internal-partner|ric00113@partner.nri.co.jp|株式会社リック|理津駆|００１１３
ric00114|100114|internal-partner|ric00114@partner.nri.co.jp|株式会社リック|理津駆|００１１４
ric00115|100115|internal-partner|ric00115@partner.nri.co.jp|株式会社リック|理津駆|００１１５
ric00116|100116|internal-partner|ric00116@partner.nri.co.jp|株式会社リック|理津駆|００１１６
ric00117|100117|internal-partner|ric00117@partner.nri.co.jp|株式会社リック|理津駆|００１１７
ric00118|100118|internal-partner|ric00118@partner.nri.co.jp|株式会社リック|理津駆|００１１８
ric00119|100119|internal-partner|ric00119@partner.nri.co.jp|株式会社リック|理津駆|００１１９
ric00120|100120|internal-partner|ric00120@partner.nri.co.jp|株式会社リック|理津駆|００１２０
ric00121|100121|internal-partner|ric00121@partner.nri.co.jp|株式会社リック|理津駆|００１２１
ric00122|100122|internal-partner|ric00122@partner.nri.co.jp|株式会社リック|理津駆|００１２２
ric00123|100123|internal-partner|ric00123@partner.nri.co.jp|株式会社リック|理津駆|００１２３
ric00124|100124|internal-partner|ric00124@partner.nri.co.jp|株式会社リック|理津駆|００１２４
ric00125|100125|internal-partner|ric00125@partner.nri.co.jp|株式会社リック|理津駆|００１２５
ric00126|100126|internal-partner|ric00126@partner.nri.co.jp|株式会社リック|理津駆|００１２６
ric00127|100127|internal-partner|ric00127@partner.nri.co.jp|株式会社リック|理津駆|００１２７
ric00128|100128|internal-partner|ric00128@partner.nri.co.jp|株式会社リック|理津駆|００１２８
ric00129|100129|internal-partner|ric00129@partner.nri.co.jp|株式会社リック|理津駆|００１２９
ric00130|100130|internal-partner|ric00130@partner.nri.co.jp|株式会社リック|理津駆|００１３０
ric00131|100131|internal-partner|ric00131@partner.nri.co.jp|株式会社リック|理津駆|００１３１
ric00132|100132|internal-partner|ric00132@partner.nri.co.jp|株式会社リック|理津駆|００１３２
ric00133|100133|internal-partner|ric00133@partner.nri.co.jp|株式会社リック|理津駆|００１３３
ric00134|100134|internal-partner|ric00134@partner.nri.co.jp|株式会社リック|理津駆|００１３４
ric00135|100135|internal-partner|ric00135@partner.nri.co.jp|株式会社リック|理津駆|００１３５
ric00136|100136|internal-partner|ric00136@partner.nri.co.jp|株式会社リック|理津駆|００１３６
ric00137|100137|internal-partner|ric00137@partner.nri.co.jp|株式会社リック|理津駆|００１３７
ric00138|100138|internal-partner|ric00138@partner.nri.co.jp|株式会社リック|理津駆|００１３８
ric00139|100139|internal-partner|ric00139@partner.nri.co.jp|株式会社リック|理津駆|００１３９
ric00140|100140|internal-partner|ric00140@partner.nri.co.jp|株式会社リック|理津駆|００１４０
ric00141|100141|internal-partner|ric00141@partner.nri.co.jp|株式会社リック|理津駆|００１４１
ric00142|100142|internal-partner|ric00142@partner.nri.co.jp|株式会社リック|理津駆|００１４２
ric00143|100143|internal-partner|ric00143@partner.nri.co.jp|株式会社リック|理津駆|００１４３
ric00144|100144|internal-partner|ric00144@partner.nri.co.jp|株式会社リック|理津駆|００１４４
ric00145|100145|internal-partner|ric00145@partner.nri.co.jp|株式会社リック|理津駆|００１４５
ric00146|100146|internal-partner|ric00146@partner.nri.co.jp|株式会社リック|理津駆|００１４６
ric00147|100147|internal-partner|ric00147@partner.nri.co.jp|株式会社リック|理津駆|００１４７
ric00148|100148|internal-partner|ric00148@partner.nri.co.jp|株式会社リック|理津駆|００１４８
ric00149|100149|internal-partner|ric00149@partner.nri.co.jp|株式会社リック|理津駆|００１４９
ric00150|100150|internal-partner|ric00150@partner.nri.co.jp|株式会社リック|理津駆|００１５０
ric00151|100151|internal-partner|ric00151@partner.nri.co.jp|株式会社リック|理津駆|００１５１
ric00152|100152|internal-partner|ric00152@partner.nri.co.jp|株式会社リック|理津駆|００１５２
ric00153|100153|internal-partner|ric00153@partner.nri.co.jp|株式会社リック|理津駆|００１５３
ric00154|100154|internal-partner|ric00154@partner.nri.co.jp|株式会社リック|理津駆|００１５４
ric00155|100155|internal-partner|ric00155@partner.nri.co.jp|株式会社リック|理津駆|００１５５
ric00156|100156|internal-partner|ric00156@partner.nri.co.jp|株式会社リック|理津駆|００１５６
ric00157|100157|internal-partner|ric00157@partner.nri.co.jp|株式会社リック|理津駆|００１５７
ric00158|100158|internal-partner|ric00158@partner.nri.co.jp|株式会社リック|理津駆|００１５８
ric00159|100159|internal-partner|ric00159@partner.nri.co.jp|株式会社リック|理津駆|００１５９
ric00160|100160|internal-partner|ric00160@partner.nri.co.jp|株式会社リック|理津駆|００１６０
ric00161|100161|internal-partner|ric00161@partner.nri.co.jp|株式会社リック|理津駆|００１６１
ric00162|100162|internal-partner|ric00162@partner.nri.co.jp|株式会社リック|理津駆|００１６２
ric00163|100163|internal-partner|ric00163@partner.nri.co.jp|株式会社リック|理津駆|００１６３
ric00164|100164|internal-partner|ric00164@partner.nri.co.jp|株式会社リック|理津駆|００１６４
ric00165|100165|internal-partner|ric00165@partner.nri.co.jp|株式会社リック|理津駆|００１６５
ric00166|100166|internal-partner|ric00166@partner.nri.co.jp|株式会社リック|理津駆|００１６６
ric00167|100167|internal-partner|ric00167@partner.nri.co.jp|株式会社リック|理津駆|００１６７
ric00168|100168|internal-partner|ric00168@partner.nri.co.jp|株式会社リック|理津駆|００１６８
ric00169|100169|internal-partner|ric00169@partner.nri.co.jp|株式会社リック|理津駆|００１６９
ric00170|100170|internal-partner|ric00170@partner.nri.co.jp|株式会社リック|理津駆|００１７０
ric00171|100171|internal-partner|ric00171@partner.nri.co.jp|株式会社リック|理津駆|００１７１
ric00172|100172|internal-partner|ric00172@partner.nri.co.jp|株式会社リック|理津駆|００１７２
ric00173|100173|internal-partner|ric00173@partner.nri.co.jp|株式会社リック|理津駆|００１７３
ric00174|100174|internal-partner|ric00174@partner.nri.co.jp|株式会社リック|理津駆|００１７４
ric00175|100175|internal-partner|ric00175@partner.nri.co.jp|株式会社リック|理津駆|００１７５
ric00176|100176|internal-partner|ric00176@partner.nri.co.jp|株式会社リック|理津駆|００１７６
ric00177|100177|internal-partner|ric00177@partner.nri.co.jp|株式会社リック|理津駆|００１７７
ric00178|100178|internal-partner|ric00178@partner.nri.co.jp|株式会社リック|理津駆|００１７８
ric00179|100179|internal-partner|ric00179@partner.nri.co.jp|株式会社リック|理津駆|００１７９
ric00180|100180|internal-partner|ric00180@partner.nri.co.jp|株式会社リック|理津駆|００１８０
ric00181|100181|internal-partner|ric00181@partner.nri.co.jp|株式会社リック|理津駆|００１８１
ric00182|100182|internal-partner|ric00182@partner.nri.co.jp|株式会社リック|理津駆|００１８２
ric00183|100183|internal-partner|ric00183@partner.nri.co.jp|株式会社リック|理津駆|００１８３
ric00184|100184|internal-partner|ric00184@partner.nri.co.jp|株式会社リック|理津駆|００１８４
ric00185|100185|internal-partner|ric00185@partner.nri.co.jp|株式会社リック|理津駆|００１８５
ric00186|100186|internal-partner|ric00186@partner.nri.co.jp|株式会社リック|理津駆|００１８６
ric00187|100187|internal-partner|ric00187@partner.nri.co.jp|株式会社リック|理津駆|００１８７
ric00188|100188|internal-partner|ric00188@partner.nri.co.jp|株式会社リック|理津駆|００１８８
ric00189|100189|internal-partner|ric00189@partner.nri.co.jp|株式会社リック|理津駆|００１８９
ric00190|100190|internal-partner|ric00190@partner.nri.co.jp|株式会社リック|理津駆|００１９０
ric00191|100191|internal-partner|ric00191@partner.nri.co.jp|株式会社リック|理津駆|００１９１
ric00192|100192|internal-partner|ric00192@partner.nri.co.jp|株式会社リック|理津駆|００１９２
ric00193|100193|internal-partner|ric00193@partner.nri.co.jp|株式会社リック|理津駆|００１９３
ric00194|100194|internal-partner|ric00194@partner.nri.co.jp|株式会社リック|理津駆|００１９４
ric00195|100195|internal-partner|ric00195@partner.nri.co.jp|株式会社リック|理津駆|００１９５
ric00196|100196|internal-partner|ric00196@partner.nri.co.jp|株式会社リック|理津駆|００１９６
ric00197|100197|internal-partner|ric00197@partner.nri.co.jp|株式会社リック|理津駆|００１９７
ric00198|100198|internal-partner|ric00198@partner.nri.co.jp|株式会社リック|理津駆|００１９８
ric00199|100199|internal-partner|ric00199@partner.nri.co.jp|株式会社リック|理津駆|００１９９
ric00200|100200|internal-partner|ric00200@partner.nri.co.jp|株式会社リック|理津駆|００２００
ric00201|100201|internal-partner|ric00201@partner.nri.co.jp|株式会社リック|理津駆|００２０１
ric00202|100202|internal-partner|ric00202@partner.nri.co.jp|株式会社リック|理津駆|００２０２
ric00203|100203|internal-partner|ric00203@partner.nri.co.jp|株式会社リック|理津駆|００２０３
ric00204|100204|internal-partner|ric00204@partner.nri.co.jp|株式会社リック|理津駆|００２０４
ric00205|100205|internal-partner|ric00205@partner.nri.co.jp|株式会社リック|理津駆|００２０５
ric00206|100206|internal-partner|ric00206@partner.nri.co.jp|株式会社リック|理津駆|００２０６
ric00207|100207|internal-partner|ric00207@partner.nri.co.jp|株式会社リック|理津駆|００２０７
ric00208|100208|internal-partner|ric00208@partner.nri.co.jp|株式会社リック|理津駆|００２０８
ric00209|100209|internal-partner|ric00209@partner.nri.co.jp|株式会社リック|理津駆|００２０９
ric00210|100210|internal-partner|ric00210@partner.nri.co.jp|株式会社リック|理津駆|００２１０
ric00211|100211|internal-partner|ric00211@partner.nri.co.jp|株式会社リック|理津駆|００２１１
ric00212|100212|internal-partner|ric00212@partner.nri.co.jp|株式会社リック|理津駆|００２１２
ric00213|100213|internal-partner|ric00213@partner.nri.co.jp|株式会社リック|理津駆|００２１３
ric00214|100214|internal-partner|ric00214@partner.nri.co.jp|株式会社リック|理津駆|００２１４
ric00215|100215|internal-partner|ric00215@partner.nri.co.jp|株式会社リック|理津駆|００２１５
ric00216|100216|internal-partner|ric00216@partner.nri.co.jp|株式会社リック|理津駆|００２１６
ric00217|100217|internal-partner|ric00217@partner.nri.co.jp|株式会社リック|理津駆|００２１７
ric00218|100218|internal-partner|ric00218@partner.nri.co.jp|株式会社リック|理津駆|００２１８
ric00219|100219|internal-partner|ric00219@partner.nri.co.jp|株式会社リック|理津駆|００２１９
ric00220|100220|internal-partner|ric00220@partner.nri.co.jp|株式会社リック|理津駆|００２２０
ric00221|100221|internal-partner|ric00221@partner.nri.co.jp|株式会社リック|理津駆|００２２１
ric00222|100222|internal-partner|ric00222@partner.nri.co.jp|株式会社リック|理津駆|００２２２
ric00223|100223|internal-partner|ric00223@partner.nri.co.jp|株式会社リック|理津駆|００２２３
ric00224|100224|internal-partner|ric00224@partner.nri.co.jp|株式会社リック|理津駆|００２２４
ric00225|100225|internal-partner|ric00225@partner.nri.co.jp|株式会社リック|理津駆|００２２５
ric00226|100226|internal-partner|ric00226@partner.nri.co.jp|株式会社リック|理津駆|００２２６
ric00227|100227|internal-partner|ric00227@partner.nri.co.jp|株式会社リック|理津駆|００２２７
ric00228|100228|internal-partner|ric00228@partner.nri.co.jp|株式会社リック|理津駆|００２２８
ric00229|100229|internal-partner|ric00229@partner.nri.co.jp|株式会社リック|理津駆|００２２９
ric00230|100230|internal-partner|ric00230@partner.nri.co.jp|株式会社リック|理津駆|００２３０
ric00231|100231|internal-partner|ric00231@partner.nri.co.jp|株式会社リック|理津駆|００２３１
ric00232|100232|internal-partner|ric00232@partner.nri.co.jp|株式会社リック|理津駆|００２３２
ric00233|100233|internal-partner|ric00233@partner.nri.co.jp|株式会社リック|理津駆|００２３３
ric00234|100234|internal-partner|ric00234@partner.nri.co.jp|株式会社リック|理津駆|００２３４
ric00235|100235|internal-partner|ric00235@partner.nri.co.jp|株式会社リック|理津駆|００２３５
ric00236|100236|internal-partner|ric00236@partner.nri.co.jp|株式会社リック|理津駆|００２３６
ric00237|100237|internal-partner|ric00237@partner.nri.co.jp|株式会社リック|理津駆|００２３７
ric00238|100238|internal-partner|ric00238@partner.nri.co.jp|株式会社リック|理津駆|００２３８
ric00239|100239|internal-partner|ric00239@partner.nri.co.jp|株式会社リック|理津駆|００２３９
ric00240|100240|internal-partner|ric00240@partner.nri.co.jp|株式会社リック|理津駆|００２４０
ric00241|100241|internal-partner|ric00241@partner.nri.co.jp|株式会社リック|理津駆|００２４１
ric00242|100242|internal-partner|ric00242@partner.nri.co.jp|株式会社リック|理津駆|００２４２
ric00243|100243|internal-partner|ric00243@partner.nri.co.jp|株式会社リック|理津駆|００２４３
ric00244|100244|internal-partner|ric00244@partner.nri.co.jp|株式会社リック|理津駆|００２４４
ric00245|100245|internal-partner|ric00245@partner.nri.co.jp|株式会社リック|理津駆|００２４５
ric00246|100246|internal-partner|ric00246@partner.nri.co.jp|株式会社リック|理津駆|００２４６
ric00247|100247|internal-partner|ric00247@partner.nri.co.jp|株式会社リック|理津駆|００２４７
ric00248|100248|internal-partner|ric00248@partner.nri.co.jp|株式会社リック|理津駆|００２４８
ric00249|100249|internal-partner|ric00249@partner.nri.co.jp|株式会社リック|理津駆|００２４９
ric00250|100250|internal-partner|ric00250@partner.nri.co.jp|株式会社リック|理津駆|００２５０
ric00251|100251|internal-partner|ric00251@partner.nri.co.jp|株式会社リック|理津駆|００２５１
ric00252|100252|internal-partner|ric00252@partner.nri.co.jp|株式会社リック|理津駆|００２５２
ric00253|100253|internal-partner|ric00253@partner.nri.co.jp|株式会社リック|理津駆|００２５３
ric00254|100254|internal-partner|ric00254@partner.nri.co.jp|株式会社リック|理津駆|００２５４
ric00255|100255|internal-partner|ric00255@partner.nri.co.jp|株式会社リック|理津駆|００２５５
ric00256|100256|internal-partner|ric00256@partner.nri.co.jp|株式会社リック|理津駆|００２５６
ric00257|100257|internal-partner|ric00257@partner.nri.co.jp|株式会社リック|理津駆|００２５７
ric00258|100258|internal-partner|ric00258@partner.nri.co.jp|株式会社リック|理津駆|００２５８
ric00259|100259|internal-partner|ric00259@partner.nri.co.jp|株式会社リック|理津駆|００２５９
ric00260|100260|internal-partner|ric00260@partner.nri.co.jp|株式会社リック|理津駆|００２６０
ric00261|100261|internal-partner|ric00261@partner.nri.co.jp|株式会社リック|理津駆|００２６１
ric00262|100262|internal-partner|ric00262@partner.nri.co.jp|株式会社リック|理津駆|００２６２
ric00263|100263|internal-partner|ric00263@partner.nri.co.jp|株式会社リック|理津駆|００２６３
ric00264|100264|internal-partner|ric00264@partner.nri.co.jp|株式会社リック|理津駆|００２６４
ric00265|100265|internal-partner|ric00265@partner.nri.co.jp|株式会社リック|理津駆|００２６５
ric00266|100266|internal-partner|ric00266@partner.nri.co.jp|株式会社リック|理津駆|００２６６
ric00267|100267|internal-partner|ric00267@partner.nri.co.jp|株式会社リック|理津駆|００２６７
ric00268|100268|internal-partner|ric00268@partner.nri.co.jp|株式会社リック|理津駆|００２６８
ric00269|100269|internal-partner|ric00269@partner.nri.co.jp|株式会社リック|理津駆|００２６９
ric00270|100270|internal-partner|ric00270@partner.nri.co.jp|株式会社リック|理津駆|００２７０
ric00271|100271|internal-partner|ric00271@partner.nri.co.jp|株式会社リック|理津駆|００２７１
ric00272|100272|internal-partner|ric00272@partner.nri.co.jp|株式会社リック|理津駆|００２７２
ric00273|100273|internal-partner|ric00273@partner.nri.co.jp|株式会社リック|理津駆|００２７３
ric00274|100274|internal-partner|ric00274@partner.nri.co.jp|株式会社リック|理津駆|００２７４
ric00275|100275|internal-partner|ric00275@partner.nri.co.jp|株式会社リック|理津駆|００２７５
ric00276|100276|internal-partner|ric00276@partner.nri.co.jp|株式会社リック|理津駆|００２７６
ric00277|100277|internal-partner|ric00277@partner.nri.co.jp|株式会社リック|理津駆|００２７７
ric00278|100278|internal-partner|ric00278@partner.nri.co.jp|株式会社リック|理津駆|００２７８
ric00279|100279|internal-partner|ric00279@partner.nri.co.jp|株式会社リック|理津駆|００２７９
ric00280|100280|internal-partner|ric00280@partner.nri.co.jp|株式会社リック|理津駆|００２８０
ric00281|100281|internal-partner|ric00281@partner.nri.co.jp|株式会社リック|理津駆|００２８１
ric00282|100282|internal-partner|ric00282@partner.nri.co.jp|株式会社リック|理津駆|００２８２
ric00283|100283|internal-partner|ric00283@partner.nri.co.jp|株式会社リック|理津駆|００２８３
ric00284|100284|internal-partner|ric00284@partner.nri.co.jp|株式会社リック|理津駆|００２８４
ric00285|100285|internal-partner|ric00285@partner.nri.co.jp|株式会社リック|理津駆|００２８５
ric00286|100286|internal-partner|ric00286@partner.nri.co.jp|株式会社リック|理津駆|００２８６
ric00287|100287|internal-partner|ric00287@partner.nri.co.jp|株式会社リック|理津駆|００２８７
ric00288|100288|internal-partner|ric00288@partner.nri.co.jp|株式会社リック|理津駆|００２８８
ric00289|100289|internal-partner|ric00289@partner.nri.co.jp|株式会社リック|理津駆|００２８９
ric00290|100290|internal-partner|ric00290@partner.nri.co.jp|株式会社リック|理津駆|００２９０
ric00291|100291|internal-partner|ric00291@partner.nri.co.jp|株式会社リック|理津駆|００２９１
ric00292|100292|internal-partner|ric00292@partner.nri.co.jp|株式会社リック|理津駆|００２９２
ric00293|100293|internal-partner|ric00293@partner.nri.co.jp|株式会社リック|理津駆|００２９３
ric00294|100294|internal-partner|ric00294@partner.nri.co.jp|株式会社リック|理津駆|００２９４
ric00295|100295|internal-partner|ric00295@partner.nri.co.jp|株式会社リック|理津駆|００２９５
ric00296|100296|internal-partner|ric00296@partner.nri.co.jp|株式会社リック|理津駆|００２９６
ric00297|100297|internal-partner|ric00297@partner.nri.co.jp|株式会社リック|理津駆|００２９７
ric00298|100298|internal-partner|ric00298@partner.nri.co.jp|株式会社リック|理津駆|００２９８
ric00299|100299|internal-partner|ric00299@partner.nri.co.jp|株式会社リック|理津駆|００２９９
ric00300|100300|internal-partner|ric00300@partner.nri.co.jp|株式会社リック|理津駆|００３００
ric00301|100301|internal-partner|ric00301@partner.nri.co.jp|株式会社リック|理津駆|００３０１
ric00302|100302|internal-partner|ric00302@partner.nri.co.jp|株式会社リック|理津駆|００３０２
ric00303|100303|internal-partner|ric00303@partner.nri.co.jp|株式会社リック|理津駆|００３０３
ric00304|100304|internal-partner|ric00304@partner.nri.co.jp|株式会社リック|理津駆|００３０４
ric00305|100305|internal-partner|ric00305@partner.nri.co.jp|株式会社リック|理津駆|００３０５
ric00306|100306|internal-partner|ric00306@partner.nri.co.jp|株式会社リック|理津駆|００３０６
ric00307|100307|internal-partner|ric00307@partner.nri.co.jp|株式会社リック|理津駆|００３０７
ric00308|100308|internal-partner|ric00308@partner.nri.co.jp|株式会社リック|理津駆|００３０８
ric00309|100309|internal-partner|ric00309@partner.nri.co.jp|株式会社リック|理津駆|００３０９
ric00310|100310|internal-partner|ric00310@partner.nri.co.jp|株式会社リック|理津駆|００３１０
ric00311|100311|internal-partner|ric00311@partner.nri.co.jp|株式会社リック|理津駆|００３１１
ric00312|100312|internal-partner|ric00312@partner.nri.co.jp|株式会社リック|理津駆|００３１２
ric00313|100313|internal-partner|ric00313@partner.nri.co.jp|株式会社リック|理津駆|００３１３
ric00314|100314|internal-partner|ric00314@partner.nri.co.jp|株式会社リック|理津駆|００３１４
ric00315|100315|internal-partner|ric00315@partner.nri.co.jp|株式会社リック|理津駆|００３１５
ric00316|100316|internal-partner|ric00316@partner.nri.co.jp|株式会社リック|理津駆|００３１６
ric00317|100317|internal-partner|ric00317@partner.nri.co.jp|株式会社リック|理津駆|００３１７
ric00318|100318|internal-partner|ric00318@partner.nri.co.jp|株式会社リック|理津駆|００３１８
ric00319|100319|internal-partner|ric00319@partner.nri.co.jp|株式会社リック|理津駆|００３１９
ric00320|100320|internal-partner|ric00320@partner.nri.co.jp|株式会社リック|理津駆|００３２０
ric00321|100321|internal-partner|ric00321@partner.nri.co.jp|株式会社リック|理津駆|００３２１
ric00322|100322|internal-partner|ric00322@partner.nri.co.jp|株式会社リック|理津駆|００３２２
ric00323|100323|internal-partner|ric00323@partner.nri.co.jp|株式会社リック|理津駆|００３２３
ric00324|100324|internal-partner|ric00324@partner.nri.co.jp|株式会社リック|理津駆|００３２４
ric00325|100325|internal-partner|ric00325@partner.nri.co.jp|株式会社リック|理津駆|００３２５
ric00326|100326|internal-partner|ric00326@partner.nri.co.jp|株式会社リック|理津駆|００３２６
ric00327|100327|internal-partner|ric00327@partner.nri.co.jp|株式会社リック|理津駆|００３２７
ric00328|100328|internal-partner|ric00328@partner.nri.co.jp|株式会社リック|理津駆|００３２８
ric00329|100329|internal-partner|ric00329@partner.nri.co.jp|株式会社リック|理津駆|００３２９
ric00330|100330|internal-partner|ric00330@partner.nri.co.jp|株式会社リック|理津駆|００３３０
ric00331|100331|internal-partner|ric00331@partner.nri.co.jp|株式会社リック|理津駆|００３３１
ric00332|100332|internal-partner|ric00332@partner.nri.co.jp|株式会社リック|理津駆|００３３２
ric00333|100333|internal-partner|ric00333@partner.nri.co.jp|株式会社リック|理津駆|００３３３
ric00334|100334|internal-partner|ric00334@partner.nri.co.jp|株式会社リック|理津駆|００３３４
ric00335|100335|internal-partner|ric00335@partner.nri.co.jp|株式会社リック|理津駆|００３３５
ric00336|100336|internal-partner|ric00336@partner.nri.co.jp|株式会社リック|理津駆|００３３６
ric00337|100337|internal-partner|ric00337@partner.nri.co.jp|株式会社リック|理津駆|００３３７
ric00338|100338|internal-partner|ric00338@partner.nri.co.jp|株式会社リック|理津駆|００３３８
ric00339|100339|internal-partner|ric00339@partner.nri.co.jp|株式会社リック|理津駆|００３３９
ric00340|100340|internal-partner|ric00340@partner.nri.co.jp|株式会社リック|理津駆|００３４０
ric00341|100341|internal-partner|ric00341@partner.nri.co.jp|株式会社リック|理津駆|００３４１
ric00342|100342|internal-partner|ric00342@partner.nri.co.jp|株式会社リック|理津駆|００３４２
ric00343|100343|internal-partner|ric00343@partner.nri.co.jp|株式会社リック|理津駆|００３４３
ric00344|100344|internal-partner|ric00344@partner.nri.co.jp|株式会社リック|理津駆|００３４４
ric00345|100345|internal-partner|ric00345@partner.nri.co.jp|株式会社リック|理津駆|００３４５
ric00346|100346|internal-partner|ric00346@partner.nri.co.jp|株式会社リック|理津駆|００３４６
ric00347|100347|internal-partner|ric00347@partner.nri.co.jp|株式会社リック|理津駆|００３４７
ric00348|100348|internal-partner|ric00348@partner.nri.co.jp|株式会社リック|理津駆|００３４８
ric00349|100349|internal-partner|ric00349@partner.nri.co.jp|株式会社リック|理津駆|００３４９
ric00350|100350|internal-partner|ric00350@partner.nri.co.jp|株式会社リック|理津駆|００３５０
ric00351|100351|internal-partner|ric00351@partner.nri.co.jp|株式会社リック|理津駆|００３５１
ric00352|100352|internal-partner|ric00352@partner.nri.co.jp|株式会社リック|理津駆|００３５２
ric00353|100353|internal-partner|ric00353@partner.nri.co.jp|株式会社リック|理津駆|００３５３
ric00354|100354|internal-partner|ric00354@partner.nri.co.jp|株式会社リック|理津駆|００３５４
ric00355|100355|internal-partner|ric00355@partner.nri.co.jp|株式会社リック|理津駆|００３５５
ric00356|100356|internal-partner|ric00356@partner.nri.co.jp|株式会社リック|理津駆|００３５６
ric00357|100357|internal-partner|ric00357@partner.nri.co.jp|株式会社リック|理津駆|００３５７
ric00358|100358|internal-partner|ric00358@partner.nri.co.jp|株式会社リック|理津駆|００３５８
ric00359|100359|internal-partner|ric00359@partner.nri.co.jp|株式会社リック|理津駆|００３５９
ric00360|100360|internal-partner|ric00360@partner.nri.co.jp|株式会社リック|理津駆|００３６０
ric00361|100361|internal-partner|ric00361@partner.nri.co.jp|株式会社リック|理津駆|００３６１
ric00362|100362|internal-partner|ric00362@partner.nri.co.jp|株式会社リック|理津駆|００３６２
ric00363|100363|internal-partner|ric00363@partner.nri.co.jp|株式会社リック|理津駆|００３６３
ric00364|100364|internal-partner|ric00364@partner.nri.co.jp|株式会社リック|理津駆|００３６４
ric00365|100365|internal-partner|ric00365@partner.nri.co.jp|株式会社リック|理津駆|００３６５
ric00366|100366|internal-partner|ric00366@partner.nri.co.jp|株式会社リック|理津駆|００３６６
ric00367|100367|internal-partner|ric00367@partner.nri.co.jp|株式会社リック|理津駆|００３６７
ric00368|100368|internal-partner|ric00368@partner.nri.co.jp|株式会社リック|理津駆|００３６８
ric00369|100369|internal-partner|ric00369@partner.nri.co.jp|株式会社リック|理津駆|００３６９
ric00370|100370|internal-partner|ric00370@partner.nri.co.jp|株式会社リック|理津駆|００３７０
ric00371|100371|internal-partner|ric00371@partner.nri.co.jp|株式会社リック|理津駆|００３７１
ric00372|100372|internal-partner|ric00372@partner.nri.co.jp|株式会社リック|理津駆|００３７２
ric00373|100373|internal-partner|ric00373@partner.nri.co.jp|株式会社リック|理津駆|００３７３
ric00374|100374|internal-partner|ric00374@partner.nri.co.jp|株式会社リック|理津駆|００３７４
ric00375|100375|internal-partner|ric00375@partner.nri.co.jp|株式会社リック|理津駆|００３７５
ric00376|100376|internal-partner|ric00376@partner.nri.co.jp|株式会社リック|理津駆|００３７６
ric00377|100377|internal-partner|ric00377@partner.nri.co.jp|株式会社リック|理津駆|００３７７
ric00378|100378|internal-partner|ric00378@partner.nri.co.jp|株式会社リック|理津駆|００３７８
ric00379|100379|internal-partner|ric00379@partner.nri.co.jp|株式会社リック|理津駆|００３７９
ric00380|100380|internal-partner|ric00380@partner.nri.co.jp|株式会社リック|理津駆|００３８０
ric00381|100381|internal-partner|ric00381@partner.nri.co.jp|株式会社リック|理津駆|００３８１
ric00382|100382|internal-partner|ric00382@partner.nri.co.jp|株式会社リック|理津駆|００３８２
ric00383|100383|internal-partner|ric00383@partner.nri.co.jp|株式会社リック|理津駆|００３８３
ric00384|100384|internal-partner|ric00384@partner.nri.co.jp|株式会社リック|理津駆|００３８４
ric00385|100385|internal-partner|ric00385@partner.nri.co.jp|株式会社リック|理津駆|００３８５
ric00386|100386|internal-partner|ric00386@partner.nri.co.jp|株式会社リック|理津駆|００３８６
ric00387|100387|internal-partner|ric00387@partner.nri.co.jp|株式会社リック|理津駆|００３８７
ric00388|100388|internal-partner|ric00388@partner.nri.co.jp|株式会社リック|理津駆|００３８８
ric00389|100389|internal-partner|ric00389@partner.nri.co.jp|株式会社リック|理津駆|００３８９
ric00390|100390|internal-partner|ric00390@partner.nri.co.jp|株式会社リック|理津駆|００３９０
ric00391|100391|internal-partner|ric00391@partner.nri.co.jp|株式会社リック|理津駆|００３９１
ric00392|100392|internal-partner|ric00392@partner.nri.co.jp|株式会社リック|理津駆|００３９２
ric00393|100393|internal-partner|ric00393@partner.nri.co.jp|株式会社リック|理津駆|００３９３
ric00394|100394|internal-partner|ric00394@partner.nri.co.jp|株式会社リック|理津駆|００３９４
ric00395|100395|internal-partner|ric00395@partner.nri.co.jp|株式会社リック|理津駆|００３９５
ric00396|100396|internal-partner|ric00396@partner.nri.co.jp|株式会社リック|理津駆|００３９６
ric00397|100397|internal-partner|ric00397@partner.nri.co.jp|株式会社リック|理津駆|００３９７
ric00398|100398|internal-partner|ric00398@partner.nri.co.jp|株式会社リック|理津駆|００３９８
ric00399|100399|internal-partner|ric00399@partner.nri.co.jp|株式会社リック|理津駆|００３９９
ric00400|100400|internal-partner|ric00400@partner.nri.co.jp|株式会社リック|理津駆|００４００
ric00401|100401|internal-partner|ric00401@partner.nri.co.jp|株式会社リック|理津駆|００４０１
ric00402|100402|internal-partner|ric00402@partner.nri.co.jp|株式会社リック|理津駆|００４０２
ric00403|100403|internal-partner|ric00403@partner.nri.co.jp|株式会社リック|理津駆|００４０３
ric00404|100404|internal-partner|ric00404@partner.nri.co.jp|株式会社リック|理津駆|００４０４
ric00405|100405|internal-partner|ric00405@partner.nri.co.jp|株式会社リック|理津駆|００４０５
ric00406|100406|internal-partner|ric00406@partner.nri.co.jp|株式会社リック|理津駆|００４０６
ric00407|100407|internal-partner|ric00407@partner.nri.co.jp|株式会社リック|理津駆|００４０７
ric00408|100408|internal-partner|ric00408@partner.nri.co.jp|株式会社リック|理津駆|００４０８
ric00409|100409|internal-partner|ric00409@partner.nri.co.jp|株式会社リック|理津駆|００４０９
ric00410|100410|internal-partner|ric00410@partner.nri.co.jp|株式会社リック|理津駆|００４１０
ric00411|100411|internal-partner|ric00411@partner.nri.co.jp|株式会社リック|理津駆|００４１１
ric00412|100412|internal-partner|ric00412@partner.nri.co.jp|株式会社リック|理津駆|００４１２
ric00413|100413|internal-partner|ric00413@partner.nri.co.jp|株式会社リック|理津駆|００４１３
ric00414|100414|internal-partner|ric00414@partner.nri.co.jp|株式会社リック|理津駆|００４１４
ric00415|100415|internal-partner|ric00415@partner.nri.co.jp|株式会社リック|理津駆|００４１５
ric00416|100416|internal-partner|ric00416@partner.nri.co.jp|株式会社リック|理津駆|００４１６
ric00417|100417|internal-partner|ric00417@partner.nri.co.jp|株式会社リック|理津駆|００４１７
ric00418|100418|internal-partner|ric00418@partner.nri.co.jp|株式会社リック|理津駆|００４１８
ric00419|100419|internal-partner|ric00419@partner.nri.co.jp|株式会社リック|理津駆|００４１９
ric00420|100420|internal-partner|ric00420@partner.nri.co.jp|株式会社リック|理津駆|００４２０
ric00421|100421|internal-partner|ric00421@partner.nri.co.jp|株式会社リック|理津駆|００４２１
ric00422|100422|internal-partner|ric00422@partner.nri.co.jp|株式会社リック|理津駆|００４２２
ric00423|100423|internal-partner|ric00423@partner.nri.co.jp|株式会社リック|理津駆|００４２３
ric00424|100424|internal-partner|ric00424@partner.nri.co.jp|株式会社リック|理津駆|００４２４
ric00425|100425|internal-partner|ric00425@partner.nri.co.jp|株式会社リック|理津駆|００４２５
ric00426|100426|internal-partner|ric00426@partner.nri.co.jp|株式会社リック|理津駆|００４２６
ric00427|100427|internal-partner|ric00427@partner.nri.co.jp|株式会社リック|理津駆|００４２７
ric00428|100428|internal-partner|ric00428@partner.nri.co.jp|株式会社リック|理津駆|００４２８
ric00429|100429|internal-partner|ric00429@partner.nri.co.jp|株式会社リック|理津駆|００４２９
ric00430|100430|internal-partner|ric00430@partner.nri.co.jp|株式会社リック|理津駆|００４３０
ric00431|100431|internal-partner|ric00431@partner.nri.co.jp|株式会社リック|理津駆|００４３１
ric00432|100432|internal-partner|ric00432@partner.nri.co.jp|株式会社リック|理津駆|００４３２
ric00433|100433|internal-partner|ric00433@partner.nri.co.jp|株式会社リック|理津駆|００４３３
ric00434|100434|internal-partner|ric00434@partner.nri.co.jp|株式会社リック|理津駆|００４３４
ric00435|100435|internal-partner|ric00435@partner.nri.co.jp|株式会社リック|理津駆|００４３５
ric00436|100436|internal-partner|ric00436@partner.nri.co.jp|株式会社リック|理津駆|００４３６
ric00437|100437|internal-partner|ric00437@partner.nri.co.jp|株式会社リック|理津駆|００４３７
ric00438|100438|internal-partner|ric00438@partner.nri.co.jp|株式会社リック|理津駆|００４３８
ric00439|100439|internal-partner|ric00439@partner.nri.co.jp|株式会社リック|理津駆|００４３９
ric00440|100440|internal-partner|ric00440@partner.nri.co.jp|株式会社リック|理津駆|００４４０
ric00441|100441|internal-partner|ric00441@partner.nri.co.jp|株式会社リック|理津駆|００４４１
ric00442|100442|internal-partner|ric00442@partner.nri.co.jp|株式会社リック|理津駆|００４４２
ric00443|100443|internal-partner|ric00443@partner.nri.co.jp|株式会社リック|理津駆|００４４３
ric00444|100444|internal-partner|ric00444@partner.nri.co.jp|株式会社リック|理津駆|００４４４
ric00445|100445|internal-partner|ric00445@partner.nri.co.jp|株式会社リック|理津駆|００４４５
ric00446|100446|internal-partner|ric00446@partner.nri.co.jp|株式会社リック|理津駆|００４４６
ric00447|100447|internal-partner|ric00447@partner.nri.co.jp|株式会社リック|理津駆|００４４７
ric00448|100448|internal-partner|ric00448@partner.nri.co.jp|株式会社リック|理津駆|００４４８
ric00449|100449|internal-partner|ric00449@partner.nri.co.jp|株式会社リック|理津駆|００４４９
ric00450|100450|internal-partner|ric00450@partner.nri.co.jp|株式会社リック|理津駆|００４５０
ric00451|100451|internal-partner|ric00451@partner.nri.co.jp|株式会社リック|理津駆|００４５１
ric00452|100452|internal-partner|ric00452@partner.nri.co.jp|株式会社リック|理津駆|００４５２
ric00453|100453|internal-partner|ric00453@partner.nri.co.jp|株式会社リック|理津駆|００４５３
ric00454|100454|internal-partner|ric00454@partner.nri.co.jp|株式会社リック|理津駆|００４５４
ric00455|100455|internal-partner|ric00455@partner.nri.co.jp|株式会社リック|理津駆|００４５５
ric00456|100456|internal-partner|ric00456@partner.nri.co.jp|株式会社リック|理津駆|００４５６
ric00457|100457|internal-partner|ric00457@partner.nri.co.jp|株式会社リック|理津駆|００４５７
ric00458|100458|internal-partner|ric00458@partner.nri.co.jp|株式会社リック|理津駆|００４５８
ric00459|100459|internal-partner|ric00459@partner.nri.co.jp|株式会社リック|理津駆|００４５９
ric00460|100460|internal-partner|ric00460@partner.nri.co.jp|株式会社リック|理津駆|００４６０
ric00461|100461|internal-partner|ric00461@partner.nri.co.jp|株式会社リック|理津駆|００４６１
ric00462|100462|internal-partner|ric00462@partner.nri.co.jp|株式会社リック|理津駆|００４６２
ric00463|100463|internal-partner|ric00463@partner.nri.co.jp|株式会社リック|理津駆|００４６３
ric00464|100464|internal-partner|ric00464@partner.nri.co.jp|株式会社リック|理津駆|００４６４
ric00465|100465|internal-partner|ric00465@partner.nri.co.jp|株式会社リック|理津駆|００４６５
ric00466|100466|internal-partner|ric00466@partner.nri.co.jp|株式会社リック|理津駆|００４６６
ric00467|100467|internal-partner|ric00467@partner.nri.co.jp|株式会社リック|理津駆|００４６７
ric00468|100468|internal-partner|ric00468@partner.nri.co.jp|株式会社リック|理津駆|００４６８
ric00469|100469|internal-partner|ric00469@partner.nri.co.jp|株式会社リック|理津駆|００４６９
ric00470|100470|internal-partner|ric00470@partner.nri.co.jp|株式会社リック|理津駆|００４７０
ric00471|100471|internal-partner|ric00471@partner.nri.co.jp|株式会社リック|理津駆|００４７１
ric00472|100472|internal-partner|ric00472@partner.nri.co.jp|株式会社リック|理津駆|００４７２
ric00473|100473|internal-partner|ric00473@partner.nri.co.jp|株式会社リック|理津駆|００４７３
ric00474|100474|internal-partner|ric00474@partner.nri.co.jp|株式会社リック|理津駆|００４７４
ric00475|100475|internal-partner|ric00475@partner.nri.co.jp|株式会社リック|理津駆|００４７５
ric00476|100476|internal-partner|ric00476@partner.nri.co.jp|株式会社リック|理津駆|００４７６
ric00477|100477|internal-partner|ric00477@partner.nri.co.jp|株式会社リック|理津駆|００４７７
ric00478|100478|internal-partner|ric00478@partner.nri.co.jp|株式会社リック|理津駆|００４７８
ric00479|100479|internal-partner|ric00479@partner.nri.co.jp|株式会社リック|理津駆|００４７９
ric00480|100480|internal-partner|ric00480@partner.nri.co.jp|株式会社リック|理津駆|００４８０
ric00481|100481|internal-partner|ric00481@partner.nri.co.jp|株式会社リック|理津駆|００４８１
ric00482|100482|internal-partner|ric00482@partner.nri.co.jp|株式会社リック|理津駆|００４８２
ric00483|100483|internal-partner|ric00483@partner.nri.co.jp|株式会社リック|理津駆|００４８３
ric00484|100484|internal-partner|ric00484@partner.nri.co.jp|株式会社リック|理津駆|００４８４
ric00485|100485|internal-partner|ric00485@partner.nri.co.jp|株式会社リック|理津駆|００４８５
ric00486|100486|internal-partner|ric00486@partner.nri.co.jp|株式会社リック|理津駆|００４８６
ric00487|100487|internal-partner|ric00487@partner.nri.co.jp|株式会社リック|理津駆|００４８７
ric00488|100488|internal-partner|ric00488@partner.nri.co.jp|株式会社リック|理津駆|００４８８
ric00489|100489|internal-partner|ric00489@partner.nri.co.jp|株式会社リック|理津駆|００４８９
ric00490|100490|internal-partner|ric00490@partner.nri.co.jp|株式会社リック|理津駆|００４９０
ric00491|100491|internal-partner|ric00491@partner.nri.co.jp|株式会社リック|理津駆|００４９１
ric00492|100492|internal-partner|ric00492@partner.nri.co.jp|株式会社リック|理津駆|００４９２
ric00493|100493|internal-partner|ric00493@partner.nri.co.jp|株式会社リック|理津駆|００４９３
ric00494|100494|internal-partner|ric00494@partner.nri.co.jp|株式会社リック|理津駆|００４９４
ric00495|100495|internal-partner|ric00495@partner.nri.co.jp|株式会社リック|理津駆|００４９５
ric00496|100496|internal-partner|ric00496@partner.nri.co.jp|株式会社リック|理津駆|００４９６
ric00497|100497|internal-partner|ric00497@partner.nri.co.jp|株式会社リック|理津駆|００４９７
ric00498|100498|internal-partner|ric00498@partner.nri.co.jp|株式会社リック|理津駆|００４９８
ric00499|100499|internal-partner|ric00499@partner.nri.co.jp|株式会社リック|理津駆|００４９９
ric00500|100500|internal-partner|ric00500@partner.nri.co.jp|株式会社リック|理津駆|００５００
ric00501|100501|internal-partner|ric00501@partner.nri.co.jp|株式会社リック|理津駆|００５０１
ric00502|100502|internal-partner|ric00502@partner.nri.co.jp|株式会社リック|理津駆|００５０２
ric00503|100503|internal-partner|ric00503@partner.nri.co.jp|株式会社リック|理津駆|００５０３
ric00504|100504|internal-partner|ric00504@partner.nri.co.jp|株式会社リック|理津駆|００５０４
ric00505|100505|internal-partner|ric00505@partner.nri.co.jp|株式会社リック|理津駆|００５０５
ric00506|100506|internal-partner|ric00506@partner.nri.co.jp|株式会社リック|理津駆|００５０６
ric00507|100507|internal-partner|ric00507@partner.nri.co.jp|株式会社リック|理津駆|００５０７
ric00508|100508|internal-partner|ric00508@partner.nri.co.jp|株式会社リック|理津駆|００５０８
ric00509|100509|internal-partner|ric00509@partner.nri.co.jp|株式会社リック|理津駆|００５０９
ric00510|100510|internal-partner|ric00510@partner.nri.co.jp|株式会社リック|理津駆|００５１０
ric00511|100511|internal-partner|ric00511@partner.nri.co.jp|株式会社リック|理津駆|００５１１
ric00512|100512|internal-partner|ric00512@partner.nri.co.jp|株式会社リック|理津駆|００５１２
ric00513|100513|internal-partner|ric00513@partner.nri.co.jp|株式会社リック|理津駆|００５１３
ric00514|100514|internal-partner|ric00514@partner.nri.co.jp|株式会社リック|理津駆|００５１４
ric00515|100515|internal-partner|ric00515@partner.nri.co.jp|株式会社リック|理津駆|００５１５
ric00516|100516|internal-partner|ric00516@partner.nri.co.jp|株式会社リック|理津駆|００５１６
ric00517|100517|internal-partner|ric00517@partner.nri.co.jp|株式会社リック|理津駆|００５１７
ric00518|100518|internal-partner|ric00518@partner.nri.co.jp|株式会社リック|理津駆|００５１８
ric00519|100519|internal-partner|ric00519@partner.nri.co.jp|株式会社リック|理津駆|００５１９
ric00520|100520|internal-partner|ric00520@partner.nri.co.jp|株式会社リック|理津駆|００５２０
ric00521|100521|internal-partner|ric00521@partner.nri.co.jp|株式会社リック|理津駆|００５２１
ric00522|100522|internal-partner|ric00522@partner.nri.co.jp|株式会社リック|理津駆|００５２２
ric00523|100523|internal-partner|ric00523@partner.nri.co.jp|株式会社リック|理津駆|００５２３
ric00524|100524|internal-partner|ric00524@partner.nri.co.jp|株式会社リック|理津駆|００５２４
ric00525|100525|internal-partner|ric00525@partner.nri.co.jp|株式会社リック|理津駆|００５２５
ric00526|100526|internal-partner|ric00526@partner.nri.co.jp|株式会社リック|理津駆|００５２６
ric00527|100527|internal-partner|ric00527@partner.nri.co.jp|株式会社リック|理津駆|００５２７
ric00528|100528|internal-partner|ric00528@partner.nri.co.jp|株式会社リック|理津駆|００５２８
ric00529|100529|internal-partner|ric00529@partner.nri.co.jp|株式会社リック|理津駆|００５２９
ric00530|100530|internal-partner|ric00530@partner.nri.co.jp|株式会社リック|理津駆|００５３０
ric00531|100531|internal-partner|ric00531@partner.nri.co.jp|株式会社リック|理津駆|００５３１
ric00532|100532|internal-partner|ric00532@partner.nri.co.jp|株式会社リック|理津駆|００５３２
ric00533|100533|internal-partner|ric00533@partner.nri.co.jp|株式会社リック|理津駆|００５３３
ric00534|100534|internal-partner|ric00534@partner.nri.co.jp|株式会社リック|理津駆|００５３４
ric00535|100535|internal-partner|ric00535@partner.nri.co.jp|株式会社リック|理津駆|００５３５
ric00536|100536|internal-partner|ric00536@partner.nri.co.jp|株式会社リック|理津駆|００５３６
ric00537|100537|internal-partner|ric00537@partner.nri.co.jp|株式会社リック|理津駆|００５３７
ric00538|100538|internal-partner|ric00538@partner.nri.co.jp|株式会社リック|理津駆|００５３８
ric00539|100539|internal-partner|ric00539@partner.nri.co.jp|株式会社リック|理津駆|００５３９
ric00540|100540|internal-partner|ric00540@partner.nri.co.jp|株式会社リック|理津駆|００５４０
ric00541|100541|internal-partner|ric00541@partner.nri.co.jp|株式会社リック|理津駆|００５４１
ric00542|100542|internal-partner|ric00542@partner.nri.co.jp|株式会社リック|理津駆|００５４２
ric00543|100543|internal-partner|ric00543@partner.nri.co.jp|株式会社リック|理津駆|００５４３
ric00544|100544|internal-partner|ric00544@partner.nri.co.jp|株式会社リック|理津駆|００５４４
ric00545|100545|internal-partner|ric00545@partner.nri.co.jp|株式会社リック|理津駆|００５４５
ric00546|100546|internal-partner|ric00546@partner.nri.co.jp|株式会社リック|理津駆|００５４６
ric00547|100547|internal-partner|ric00547@partner.nri.co.jp|株式会社リック|理津駆|００５４７
ric00548|100548|internal-partner|ric00548@partner.nri.co.jp|株式会社リック|理津駆|００５４８
ric00549|100549|internal-partner|ric00549@partner.nri.co.jp|株式会社リック|理津駆|００５４９
ric00550|100550|internal-partner|ric00550@partner.nri.co.jp|株式会社リック|理津駆|００５５０
ric00551|100551|internal-partner|ric00551@partner.nri.co.jp|株式会社リック|理津駆|００５５１
ric00552|100552|internal-partner|ric00552@partner.nri.co.jp|株式会社リック|理津駆|００５５２
ric00553|100553|internal-partner|ric00553@partner.nri.co.jp|株式会社リック|理津駆|００５５３
ric00554|100554|internal-partner|ric00554@partner.nri.co.jp|株式会社リック|理津駆|００５５４
ric00555|100555|internal-partner|ric00555@partner.nri.co.jp|株式会社リック|理津駆|００５５５
ric00556|100556|internal-partner|ric00556@partner.nri.co.jp|株式会社リック|理津駆|００５５６
ric00557|100557|internal-partner|ric00557@partner.nri.co.jp|株式会社リック|理津駆|００５５７
ric00558|100558|internal-partner|ric00558@partner.nri.co.jp|株式会社リック|理津駆|００５５８
ric00559|100559|internal-partner|ric00559@partner.nri.co.jp|株式会社リック|理津駆|００５５９
ric00560|100560|internal-partner|ric00560@partner.nri.co.jp|株式会社リック|理津駆|００５６０
ric00561|100561|internal-partner|ric00561@partner.nri.co.jp|株式会社リック|理津駆|００５６１
ric00562|100562|internal-partner|ric00562@partner.nri.co.jp|株式会社リック|理津駆|００５６２
ric00563|100563|internal-partner|ric00563@partner.nri.co.jp|株式会社リック|理津駆|００５６３
ric00564|100564|internal-partner|ric00564@partner.nri.co.jp|株式会社リック|理津駆|００５６４
ric00565|100565|internal-partner|ric00565@partner.nri.co.jp|株式会社リック|理津駆|００５６５
ric00566|100566|internal-partner|ric00566@partner.nri.co.jp|株式会社リック|理津駆|００５６６
ric00567|100567|internal-partner|ric00567@partner.nri.co.jp|株式会社リック|理津駆|００５６７
ric00568|100568|internal-partner|ric00568@partner.nri.co.jp|株式会社リック|理津駆|００５６８
ric00569|100569|internal-partner|ric00569@partner.nri.co.jp|株式会社リック|理津駆|００５６９
ric00570|100570|internal-partner|ric00570@partner.nri.co.jp|株式会社リック|理津駆|００５７０
ric00571|100571|internal-partner|ric00571@partner.nri.co.jp|株式会社リック|理津駆|００５７１
ric00572|100572|internal-partner|ric00572@partner.nri.co.jp|株式会社リック|理津駆|００５７２
ric00573|100573|internal-partner|ric00573@partner.nri.co.jp|株式会社リック|理津駆|００５７３
ric00574|100574|internal-partner|ric00574@partner.nri.co.jp|株式会社リック|理津駆|００５７４
ric00575|100575|internal-partner|ric00575@partner.nri.co.jp|株式会社リック|理津駆|００５７５
ric00576|100576|internal-partner|ric00576@partner.nri.co.jp|株式会社リック|理津駆|００５７６
ric00577|100577|internal-partner|ric00577@partner.nri.co.jp|株式会社リック|理津駆|００５７７
ric00578|100578|internal-partner|ric00578@partner.nri.co.jp|株式会社リック|理津駆|００５７８
ric00579|100579|internal-partner|ric00579@partner.nri.co.jp|株式会社リック|理津駆|００５７９
ric00580|100580|internal-partner|ric00580@partner.nri.co.jp|株式会社リック|理津駆|００５８０
ric00581|100581|internal-partner|ric00581@partner.nri.co.jp|株式会社リック|理津駆|００５８１
ric00582|100582|internal-partner|ric00582@partner.nri.co.jp|株式会社リック|理津駆|００５８２
ric00583|100583|internal-partner|ric00583@partner.nri.co.jp|株式会社リック|理津駆|００５８３
ric00584|100584|internal-partner|ric00584@partner.nri.co.jp|株式会社リック|理津駆|００５８４
ric00585|100585|internal-partner|ric00585@partner.nri.co.jp|株式会社リック|理津駆|００５８５
ric00586|100586|internal-partner|ric00586@partner.nri.co.jp|株式会社リック|理津駆|００５８６
ric00587|100587|internal-partner|ric00587@partner.nri.co.jp|株式会社リック|理津駆|００５８７
ric00588|100588|internal-partner|ric00588@partner.nri.co.jp|株式会社リック|理津駆|００５８８
ric00589|100589|internal-partner|ric00589@partner.nri.co.jp|株式会社リック|理津駆|００５８９
ric00590|100590|internal-partner|ric00590@partner.nri.co.jp|株式会社リック|理津駆|００５９０
ric00591|100591|internal-partner|ric00591@partner.nri.co.jp|株式会社リック|理津駆|００５９１
ric00592|100592|internal-partner|ric00592@partner.nri.co.jp|株式会社リック|理津駆|００５９２
ric00593|100593|internal-partner|ric00593@partner.nri.co.jp|株式会社リック|理津駆|００５９３
ric00594|100594|internal-partner|ric00594@partner.nri.co.jp|株式会社リック|理津駆|００５９４
ric00595|100595|internal-partner|ric00595@partner.nri.co.jp|株式会社リック|理津駆|００５９５
ric00596|100596|internal-partner|ric00596@partner.nri.co.jp|株式会社リック|理津駆|００５９６
ric00597|100597|internal-partner|ric00597@partner.nri.co.jp|株式会社リック|理津駆|００５９７
ric00598|100598|internal-partner|ric00598@partner.nri.co.jp|株式会社リック|理津駆|００５９８
ric00599|100599|internal-partner|ric00599@partner.nri.co.jp|株式会社リック|理津駆|００５９９
ric00600|100600|internal-partner|ric00600@partner.nri.co.jp|株式会社リック|理津駆|００６００
ric00601|100601|internal-partner|ric00601@partner.nri.co.jp|株式会社リック|理津駆|００６０１
ric00602|100602|internal-partner|ric00602@partner.nri.co.jp|株式会社リック|理津駆|００６０２
ric00603|100603|internal-partner|ric00603@partner.nri.co.jp|株式会社リック|理津駆|００６０３
ric00604|100604|internal-partner|ric00604@partner.nri.co.jp|株式会社リック|理津駆|００６０４
ric00605|100605|internal-partner|ric00605@partner.nri.co.jp|株式会社リック|理津駆|００６０５
ric00606|100606|internal-partner|ric00606@partner.nri.co.jp|株式会社リック|理津駆|００６０６
ric00607|100607|internal-partner|ric00607@partner.nri.co.jp|株式会社リック|理津駆|００６０７
ric00608|100608|internal-partner|ric00608@partner.nri.co.jp|株式会社リック|理津駆|００６０８
ric00609|100609|internal-partner|ric00609@partner.nri.co.jp|株式会社リック|理津駆|００６０９
ric00610|100610|internal-partner|ric00610@partner.nri.co.jp|株式会社リック|理津駆|００６１０
ric00611|100611|internal-partner|ric00611@partner.nri.co.jp|株式会社リック|理津駆|００６１１
ric00612|100612|internal-partner|ric00612@partner.nri.co.jp|株式会社リック|理津駆|００６１２
ric00613|100613|internal-partner|ric00613@partner.nri.co.jp|株式会社リック|理津駆|００６１３
ric00614|100614|internal-partner|ric00614@partner.nri.co.jp|株式会社リック|理津駆|００６１４
ric00615|100615|internal-partner|ric00615@partner.nri.co.jp|株式会社リック|理津駆|００６１５
ric00616|100616|internal-partner|ric00616@partner.nri.co.jp|株式会社リック|理津駆|００６１６
ric00617|100617|internal-partner|ric00617@partner.nri.co.jp|株式会社リック|理津駆|００６１７
ric00618|100618|internal-partner|ric00618@partner.nri.co.jp|株式会社リック|理津駆|００６１８
ric00619|100619|internal-partner|ric00619@partner.nri.co.jp|株式会社リック|理津駆|００６１９
ric00620|100620|internal-partner|ric00620@partner.nri.co.jp|株式会社リック|理津駆|００６２０
ric00621|100621|internal-partner|ric00621@partner.nri.co.jp|株式会社リック|理津駆|００６２１
ric00622|100622|internal-partner|ric00622@partner.nri.co.jp|株式会社リック|理津駆|００６２２
ric00623|100623|internal-partner|ric00623@partner.nri.co.jp|株式会社リック|理津駆|００６２３
ric00624|100624|internal-partner|ric00624@partner.nri.co.jp|株式会社リック|理津駆|００６２４
ric00625|100625|internal-partner|ric00625@partner.nri.co.jp|株式会社リック|理津駆|００６２５
ric00626|100626|internal-partner|ric00626@partner.nri.co.jp|株式会社リック|理津駆|００６２６
ric00627|100627|internal-partner|ric00627@partner.nri.co.jp|株式会社リック|理津駆|００６２７
ric00628|100628|internal-partner|ric00628@partner.nri.co.jp|株式会社リック|理津駆|００６２８
ric00629|100629|internal-partner|ric00629@partner.nri.co.jp|株式会社リック|理津駆|００６２９
ric00630|100630|internal-partner|ric00630@partner.nri.co.jp|株式会社リック|理津駆|００６３０
ric00631|100631|internal-partner|ric00631@partner.nri.co.jp|株式会社リック|理津駆|００６３１
ric00632|100632|internal-partner|ric00632@partner.nri.co.jp|株式会社リック|理津駆|００６３２
ric00633|100633|internal-partner|ric00633@partner.nri.co.jp|株式会社リック|理津駆|００６３３
ric00634|100634|internal-partner|ric00634@partner.nri.co.jp|株式会社リック|理津駆|００６３４
ric00635|100635|internal-partner|ric00635@partner.nri.co.jp|株式会社リック|理津駆|００６３５
ric00636|100636|internal-partner|ric00636@partner.nri.co.jp|株式会社リック|理津駆|００６３６
ric00637|100637|internal-partner|ric00637@partner.nri.co.jp|株式会社リック|理津駆|００６３７
ric00638|100638|internal-partner|ric00638@partner.nri.co.jp|株式会社リック|理津駆|００６３８
ric00639|100639|internal-partner|ric00639@partner.nri.co.jp|株式会社リック|理津駆|００６３９
ric00640|100640|internal-partner|ric00640@partner.nri.co.jp|株式会社リック|理津駆|００６４０
ric00641|100641|internal-partner|ric00641@partner.nri.co.jp|株式会社リック|理津駆|００６４１
ric00642|100642|internal-partner|ric00642@partner.nri.co.jp|株式会社リック|理津駆|００６４２
ric00643|100643|internal-partner|ric00643@partner.nri.co.jp|株式会社リック|理津駆|００６４３
ric00644|100644|internal-partner|ric00644@partner.nri.co.jp|株式会社リック|理津駆|００６４４
ric00645|100645|internal-partner|ric00645@partner.nri.co.jp|株式会社リック|理津駆|００６４５
ric00646|100646|internal-partner|ric00646@partner.nri.co.jp|株式会社リック|理津駆|００６４６
ric00647|100647|internal-partner|ric00647@partner.nri.co.jp|株式会社リック|理津駆|００６４７
ric00648|100648|internal-partner|ric00648@partner.nri.co.jp|株式会社リック|理津駆|００６４８
ric00649|100649|internal-partner|ric00649@partner.nri.co.jp|株式会社リック|理津駆|００６４９
ric00650|100650|internal-partner|ric00650@partner.nri.co.jp|株式会社リック|理津駆|００６５０
ric00651|100651|internal-partner|ric00651@partner.nri.co.jp|株式会社リック|理津駆|００６５１
ric00652|100652|internal-partner|ric00652@partner.nri.co.jp|株式会社リック|理津駆|００６５２
ric00653|100653|internal-partner|ric00653@partner.nri.co.jp|株式会社リック|理津駆|００６５３
ric00654|100654|internal-partner|ric00654@partner.nri.co.jp|株式会社リック|理津駆|００６５４
ric00655|100655|internal-partner|ric00655@partner.nri.co.jp|株式会社リック|理津駆|００６５５
ric00656|100656|internal-partner|ric00656@partner.nri.co.jp|株式会社リック|理津駆|００６５６
ric00657|100657|internal-partner|ric00657@partner.nri.co.jp|株式会社リック|理津駆|００６５７
ric00658|100658|internal-partner|ric00658@partner.nri.co.jp|株式会社リック|理津駆|００６５８
ric00659|100659|internal-partner|ric00659@partner.nri.co.jp|株式会社リック|理津駆|００６５９
ric00660|100660|internal-partner|ric00660@partner.nri.co.jp|株式会社リック|理津駆|００６６０
ric00661|100661|internal-partner|ric00661@partner.nri.co.jp|株式会社リック|理津駆|００６６１
ric00662|100662|internal-partner|ric00662@partner.nri.co.jp|株式会社リック|理津駆|００６６２
ric00663|100663|internal-partner|ric00663@partner.nri.co.jp|株式会社リック|理津駆|００６６３
ric00664|100664|internal-partner|ric00664@partner.nri.co.jp|株式会社リック|理津駆|００６６４
ric00665|100665|internal-partner|ric00665@partner.nri.co.jp|株式会社リック|理津駆|００６６５
ric00666|100666|internal-partner|ric00666@partner.nri.co.jp|株式会社リック|理津駆|００６６６
ric00667|100667|internal-partner|ric00667@partner.nri.co.jp|株式会社リック|理津駆|００６６７
ric00668|100668|internal-partner|ric00668@partner.nri.co.jp|株式会社リック|理津駆|００６６８
ric00669|100669|internal-partner|ric00669@partner.nri.co.jp|株式会社リック|理津駆|００６６９
ric00670|100670|internal-partner|ric00670@partner.nri.co.jp|株式会社リック|理津駆|００６７０
ric00671|100671|internal-partner|ric00671@partner.nri.co.jp|株式会社リック|理津駆|００６７１
ric00672|100672|internal-partner|ric00672@partner.nri.co.jp|株式会社リック|理津駆|００６７２
ric00673|100673|internal-partner|ric00673@partner.nri.co.jp|株式会社リック|理津駆|００６７３
ric00674|100674|internal-partner|ric00674@partner.nri.co.jp|株式会社リック|理津駆|００６７４
ric00675|100675|internal-partner|ric00675@partner.nri.co.jp|株式会社リック|理津駆|００６７５
ric00676|100676|internal-partner|ric00676@partner.nri.co.jp|株式会社リック|理津駆|００６７６
ric00677|100677|internal-partner|ric00677@partner.nri.co.jp|株式会社リック|理津駆|００６７７
ric00678|100678|internal-partner|ric00678@partner.nri.co.jp|株式会社リック|理津駆|００６７８
ric00679|100679|internal-partner|ric00679@partner.nri.co.jp|株式会社リック|理津駆|００６７９
ric00680|100680|internal-partner|ric00680@partner.nri.co.jp|株式会社リック|理津駆|００６８０
ric00681|100681|internal-partner|ric00681@partner.nri.co.jp|株式会社リック|理津駆|００６８１
ric00682|100682|internal-partner|ric00682@partner.nri.co.jp|株式会社リック|理津駆|００６８２
ric00683|100683|internal-partner|ric00683@partner.nri.co.jp|株式会社リック|理津駆|００６８３
ric00684|100684|internal-partner|ric00684@partner.nri.co.jp|株式会社リック|理津駆|００６８４
ric00685|100685|internal-partner|ric00685@partner.nri.co.jp|株式会社リック|理津駆|００６８５
ric00686|100686|internal-partner|ric00686@partner.nri.co.jp|株式会社リック|理津駆|００６８６
ric00687|100687|internal-partner|ric00687@partner.nri.co.jp|株式会社リック|理津駆|００６８７
ric00688|100688|internal-partner|ric00688@partner.nri.co.jp|株式会社リック|理津駆|００６８８
ric00689|100689|internal-partner|ric00689@partner.nri.co.jp|株式会社リック|理津駆|００６８９
ric00690|100690|internal-partner|ric00690@partner.nri.co.jp|株式会社リック|理津駆|００６９０
ric00691|100691|internal-partner|ric00691@partner.nri.co.jp|株式会社リック|理津駆|００６９１
ric00692|100692|internal-partner|ric00692@partner.nri.co.jp|株式会社リック|理津駆|００６９２
ric00693|100693|internal-partner|ric00693@partner.nri.co.jp|株式会社リック|理津駆|００６９３
ric00694|100694|internal-partner|ric00694@partner.nri.co.jp|株式会社リック|理津駆|００６９４
ric00695|100695|internal-partner|ric00695@partner.nri.co.jp|株式会社リック|理津駆|００６９５
ric00696|100696|internal-partner|ric00696@partner.nri.co.jp|株式会社リック|理津駆|００６９６
ric00697|100697|internal-partner|ric00697@partner.nri.co.jp|株式会社リック|理津駆|００６９７
ric00698|100698|internal-partner|ric00698@partner.nri.co.jp|株式会社リック|理津駆|００６９８
ric00699|100699|internal-partner|ric00699@partner.nri.co.jp|株式会社リック|理津駆|００６９９
ric00700|100700|internal-partner|ric00700@partner.nri.co.jp|株式会社リック|理津駆|００７００
ric00701|100701|internal-partner|ric00701@partner.nri.co.jp|株式会社リック|理津駆|００７０１
ric00702|100702|internal-partner|ric00702@partner.nri.co.jp|株式会社リック|理津駆|００７０２
ric00703|100703|internal-partner|ric00703@partner.nri.co.jp|株式会社リック|理津駆|００７０３
ric00704|100704|internal-partner|ric00704@partner.nri.co.jp|株式会社リック|理津駆|００７０４
ric00705|100705|internal-partner|ric00705@partner.nri.co.jp|株式会社リック|理津駆|００７０５
ric00706|100706|internal-partner|ric00706@partner.nri.co.jp|株式会社リック|理津駆|００７０６
ric00707|100707|internal-partner|ric00707@partner.nri.co.jp|株式会社リック|理津駆|００７０７
ric00708|100708|internal-partner|ric00708@partner.nri.co.jp|株式会社リック|理津駆|００７０８
ric00709|100709|internal-partner|ric00709@partner.nri.co.jp|株式会社リック|理津駆|００７０９
ric00710|100710|internal-partner|ric00710@partner.nri.co.jp|株式会社リック|理津駆|００７１０
ric00711|100711|internal-partner|ric00711@partner.nri.co.jp|株式会社リック|理津駆|００７１１
ric00712|100712|internal-partner|ric00712@partner.nri.co.jp|株式会社リック|理津駆|００７１２
ric00713|100713|internal-partner|ric00713@partner.nri.co.jp|株式会社リック|理津駆|００７１３
ric00714|100714|internal-partner|ric00714@partner.nri.co.jp|株式会社リック|理津駆|００７１４
ric00715|100715|internal-partner|ric00715@partner.nri.co.jp|株式会社リック|理津駆|００７１５
ric00716|100716|internal-partner|ric00716@partner.nri.co.jp|株式会社リック|理津駆|００７１６
ric00717|100717|internal-partner|ric00717@partner.nri.co.jp|株式会社リック|理津駆|００７１７
ric00718|100718|internal-partner|ric00718@partner.nri.co.jp|株式会社リック|理津駆|００７１８
ric00719|100719|internal-partner|ric00719@partner.nri.co.jp|株式会社リック|理津駆|００７１９
ric00720|100720|internal-partner|ric00720@partner.nri.co.jp|株式会社リック|理津駆|００７２０
ric00721|100721|internal-partner|ric00721@partner.nri.co.jp|株式会社リック|理津駆|００７２１
ric00722|100722|internal-partner|ric00722@partner.nri.co.jp|株式会社リック|理津駆|００７２２
ric00723|100723|internal-partner|ric00723@partner.nri.co.jp|株式会社リック|理津駆|００７２３
ric00724|100724|internal-partner|ric00724@partner.nri.co.jp|株式会社リック|理津駆|００７２４
ric00725|100725|internal-partner|ric00725@partner.nri.co.jp|株式会社リック|理津駆|００７２５
ric00726|100726|internal-partner|ric00726@partner.nri.co.jp|株式会社リック|理津駆|００７２６
ric00727|100727|internal-partner|ric00727@partner.nri.co.jp|株式会社リック|理津駆|００７２７
ric00728|100728|internal-partner|ric00728@partner.nri.co.jp|株式会社リック|理津駆|００７２８
ric00729|100729|internal-partner|ric00729@partner.nri.co.jp|株式会社リック|理津駆|００７２９
ric00730|100730|internal-partner|ric00730@partner.nri.co.jp|株式会社リック|理津駆|００７３０
ric00731|100731|internal-partner|ric00731@partner.nri.co.jp|株式会社リック|理津駆|００７３１
ric00732|100732|internal-partner|ric00732@partner.nri.co.jp|株式会社リック|理津駆|００７３２
ric00733|100733|internal-partner|ric00733@partner.nri.co.jp|株式会社リック|理津駆|００７３３
ric00734|100734|internal-partner|ric00734@partner.nri.co.jp|株式会社リック|理津駆|００７３４
ric00735|100735|internal-partner|ric00735@partner.nri.co.jp|株式会社リック|理津駆|００７３５
ric00736|100736|internal-partner|ric00736@partner.nri.co.jp|株式会社リック|理津駆|００７３６
ric00737|100737|internal-partner|ric00737@partner.nri.co.jp|株式会社リック|理津駆|００７３７
ric00738|100738|internal-partner|ric00738@partner.nri.co.jp|株式会社リック|理津駆|００７３８
ric00739|100739|internal-partner|ric00739@partner.nri.co.jp|株式会社リック|理津駆|００７３９
ric00740|100740|internal-partner|ric00740@partner.nri.co.jp|株式会社リック|理津駆|００７４０
ric00741|100741|internal-partner|ric00741@partner.nri.co.jp|株式会社リック|理津駆|００７４１
ric00742|100742|internal-partner|ric00742@partner.nri.co.jp|株式会社リック|理津駆|００７４２
ric00743|100743|internal-partner|ric00743@partner.nri.co.jp|株式会社リック|理津駆|００７４３
ric00744|100744|internal-partner|ric00744@partner.nri.co.jp|株式会社リック|理津駆|００７４４
ric00745|100745|internal-partner|ric00745@partner.nri.co.jp|株式会社リック|理津駆|００７４５
ric00746|100746|internal-partner|ric00746@partner.nri.co.jp|株式会社リック|理津駆|００７４６
ric00747|100747|internal-partner|ric00747@partner.nri.co.jp|株式会社リック|理津駆|００７４７
ric00748|100748|internal-partner|ric00748@partner.nri.co.jp|株式会社リック|理津駆|００７４８
ric00749|100749|internal-partner|ric00749@partner.nri.co.jp|株式会社リック|理津駆|００７４９
ric00750|100750|internal-partner|ric00750@partner.nri.co.jp|株式会社リック|理津駆|００７５０
ric00751|100751|internal-partner|ric00751@partner.nri.co.jp|株式会社リック|理津駆|００７５１
ric00752|100752|internal-partner|ric00752@partner.nri.co.jp|株式会社リック|理津駆|００７５２
ric00753|100753|internal-partner|ric00753@partner.nri.co.jp|株式会社リック|理津駆|００７５３
ric00754|100754|internal-partner|ric00754@partner.nri.co.jp|株式会社リック|理津駆|００７５４
ric00755|100755|internal-partner|ric00755@partner.nri.co.jp|株式会社リック|理津駆|００７５５
ric00756|100756|internal-partner|ric00756@partner.nri.co.jp|株式会社リック|理津駆|００７５６
ric00757|100757|internal-partner|ric00757@partner.nri.co.jp|株式会社リック|理津駆|００７５７
ric00758|100758|internal-partner|ric00758@partner.nri.co.jp|株式会社リック|理津駆|００７５８
ric00759|100759|internal-partner|ric00759@partner.nri.co.jp|株式会社リック|理津駆|００７５９
ric00760|100760|internal-partner|ric00760@partner.nri.co.jp|株式会社リック|理津駆|００７６０
ric00761|100761|internal-partner|ric00761@partner.nri.co.jp|株式会社リック|理津駆|００７６１
ric00762|100762|internal-partner|ric00762@partner.nri.co.jp|株式会社リック|理津駆|００７６２
ric00763|100763|internal-partner|ric00763@partner.nri.co.jp|株式会社リック|理津駆|００７６３
ric00764|100764|internal-partner|ric00764@partner.nri.co.jp|株式会社リック|理津駆|００７６４
ric00765|100765|internal-partner|ric00765@partner.nri.co.jp|株式会社リック|理津駆|００７６５
ric00766|100766|internal-partner|ric00766@partner.nri.co.jp|株式会社リック|理津駆|００７６６
ric00767|100767|internal-partner|ric00767@partner.nri.co.jp|株式会社リック|理津駆|００７６７
ric00768|100768|internal-partner|ric00768@partner.nri.co.jp|株式会社リック|理津駆|００７６８
ric00769|100769|internal-partner|ric00769@partner.nri.co.jp|株式会社リック|理津駆|００７６９
ric00770|100770|internal-partner|ric00770@partner.nri.co.jp|株式会社リック|理津駆|００７７０
ric00771|100771|internal-partner|ric00771@partner.nri.co.jp|株式会社リック|理津駆|００７７１
ric00772|100772|internal-partner|ric00772@partner.nri.co.jp|株式会社リック|理津駆|００７７２
ric00773|100773|internal-partner|ric00773@partner.nri.co.jp|株式会社リック|理津駆|００７７３
ric00774|100774|internal-partner|ric00774@partner.nri.co.jp|株式会社リック|理津駆|００７７４
ric00775|100775|internal-partner|ric00775@partner.nri.co.jp|株式会社リック|理津駆|００７７５
ric00776|100776|internal-partner|ric00776@partner.nri.co.jp|株式会社リック|理津駆|００７７６
ric00777|100777|internal-partner|ric00777@partner.nri.co.jp|株式会社リック|理津駆|００７７７
ric00778|100778|internal-partner|ric00778@partner.nri.co.jp|株式会社リック|理津駆|００７７８
ric00779|100779|internal-partner|ric00779@partner.nri.co.jp|株式会社リック|理津駆|００７７９
ric00780|100780|internal-partner|ric00780@partner.nri.co.jp|株式会社リック|理津駆|００７８０
ric00781|100781|internal-partner|ric00781@partner.nri.co.jp|株式会社リック|理津駆|００７８１
ric00782|100782|internal-partner|ric00782@partner.nri.co.jp|株式会社リック|理津駆|００７８２
ric00783|100783|internal-partner|ric00783@partner.nri.co.jp|株式会社リック|理津駆|００７８３
ric00784|100784|internal-partner|ric00784@partner.nri.co.jp|株式会社リック|理津駆|００７８４
ric00785|100785|internal-partner|ric00785@partner.nri.co.jp|株式会社リック|理津駆|００７８５
ric00786|100786|internal-partner|ric00786@partner.nri.co.jp|株式会社リック|理津駆|００７８６
ric00787|100787|internal-partner|ric00787@partner.nri.co.jp|株式会社リック|理津駆|００７８７
ric00788|100788|internal-partner|ric00788@partner.nri.co.jp|株式会社リック|理津駆|００７８８
ric00789|100789|internal-partner|ric00789@partner.nri.co.jp|株式会社リック|理津駆|００７８９
ric00790|100790|internal-partner|ric00790@partner.nri.co.jp|株式会社リック|理津駆|００７９０
ric00791|100791|internal-partner|ric00791@partner.nri.co.jp|株式会社リック|理津駆|００７９１
ric00792|100792|internal-partner|ric00792@partner.nri.co.jp|株式会社リック|理津駆|００７９２
ric00793|100793|internal-partner|ric00793@partner.nri.co.jp|株式会社リック|理津駆|００７９３
ric00794|100794|internal-partner|ric00794@partner.nri.co.jp|株式会社リック|理津駆|００７９４
ric00795|100795|internal-partner|ric00795@partner.nri.co.jp|株式会社リック|理津駆|００７９５
ric00796|100796|internal-partner|ric00796@partner.nri.co.jp|株式会社リック|理津駆|００７９６
ric00797|100797|internal-partner|ric00797@partner.nri.co.jp|株式会社リック|理津駆|００７９７
ric00798|100798|internal-partner|ric00798@partner.nri.co.jp|株式会社リック|理津駆|００７９８
ric00799|100799|internal-partner|ric00799@partner.nri.co.jp|株式会社リック|理津駆|００７９９
ric00800|100800|internal-partner|ric00800@partner.nri.co.jp|株式会社リック|理津駆|００８００
ric00801|100801|internal-partner|ric00801@partner.nri.co.jp|株式会社リック|理津駆|００８０１
ric00802|100802|internal-partner|ric00802@partner.nri.co.jp|株式会社リック|理津駆|００８０２
ric00803|100803|internal-partner|ric00803@partner.nri.co.jp|株式会社リック|理津駆|００８０３
ric00804|100804|internal-partner|ric00804@partner.nri.co.jp|株式会社リック|理津駆|００８０４
ric00805|100805|internal-partner|ric00805@partner.nri.co.jp|株式会社リック|理津駆|００８０５
ric00806|100806|internal-partner|ric00806@partner.nri.co.jp|株式会社リック|理津駆|００８０６
ric00807|100807|internal-partner|ric00807@partner.nri.co.jp|株式会社リック|理津駆|００８０７
ric00808|100808|internal-partner|ric00808@partner.nri.co.jp|株式会社リック|理津駆|００８０８
ric00809|100809|internal-partner|ric00809@partner.nri.co.jp|株式会社リック|理津駆|００８０９
ric00810|100810|internal-partner|ric00810@partner.nri.co.jp|株式会社リック|理津駆|００８１０
ric00811|100811|internal-partner|ric00811@partner.nri.co.jp|株式会社リック|理津駆|００８１１
ric00812|100812|internal-partner|ric00812@partner.nri.co.jp|株式会社リック|理津駆|００８１２
ric00813|100813|internal-partner|ric00813@partner.nri.co.jp|株式会社リック|理津駆|００８１３
ric00814|100814|internal-partner|ric00814@partner.nri.co.jp|株式会社リック|理津駆|００８１４
ric00815|100815|internal-partner|ric00815@partner.nri.co.jp|株式会社リック|理津駆|００８１５
ric00816|100816|internal-partner|ric00816@partner.nri.co.jp|株式会社リック|理津駆|００８１６
ric00817|100817|internal-partner|ric00817@partner.nri.co.jp|株式会社リック|理津駆|００８１７
ric00818|100818|internal-partner|ric00818@partner.nri.co.jp|株式会社リック|理津駆|００８１８
ric00819|100819|internal-partner|ric00819@partner.nri.co.jp|株式会社リック|理津駆|００８１９
ric00820|100820|internal-partner|ric00820@partner.nri.co.jp|株式会社リック|理津駆|００８２０
ric00821|100821|internal-partner|ric00821@partner.nri.co.jp|株式会社リック|理津駆|００８２１
ric00822|100822|internal-partner|ric00822@partner.nri.co.jp|株式会社リック|理津駆|００８２２
ric00823|100823|internal-partner|ric00823@partner.nri.co.jp|株式会社リック|理津駆|００８２３
ric00824|100824|internal-partner|ric00824@partner.nri.co.jp|株式会社リック|理津駆|００８２４
ric00825|100825|internal-partner|ric00825@partner.nri.co.jp|株式会社リック|理津駆|００８２５
ric00826|100826|internal-partner|ric00826@partner.nri.co.jp|株式会社リック|理津駆|００８２６
ric00827|100827|internal-partner|ric00827@partner.nri.co.jp|株式会社リック|理津駆|００８２７
ric00828|100828|internal-partner|ric00828@partner.nri.co.jp|株式会社リック|理津駆|００８２８
ric00829|100829|internal-partner|ric00829@partner.nri.co.jp|株式会社リック|理津駆|００８２９
ric00830|100830|internal-partner|ric00830@partner.nri.co.jp|株式会社リック|理津駆|００８３０
ric00831|100831|internal-partner|ric00831@partner.nri.co.jp|株式会社リック|理津駆|００８３１
ric00832|100832|internal-partner|ric00832@partner.nri.co.jp|株式会社リック|理津駆|００８３２
ric00833|100833|internal-partner|ric00833@partner.nri.co.jp|株式会社リック|理津駆|００８３３
ric00834|100834|internal-partner|ric00834@partner.nri.co.jp|株式会社リック|理津駆|００８３４
ric00835|100835|internal-partner|ric00835@partner.nri.co.jp|株式会社リック|理津駆|００８３５
ric00836|100836|internal-partner|ric00836@partner.nri.co.jp|株式会社リック|理津駆|００８３６
ric00837|100837|internal-partner|ric00837@partner.nri.co.jp|株式会社リック|理津駆|００８３７
ric00838|100838|internal-partner|ric00838@partner.nri.co.jp|株式会社リック|理津駆|００８３８
ric00839|100839|internal-partner|ric00839@partner.nri.co.jp|株式会社リック|理津駆|００８３９
ric00840|100840|internal-partner|ric00840@partner.nri.co.jp|株式会社リック|理津駆|００８４０
ric00841|100841|internal-partner|ric00841@partner.nri.co.jp|株式会社リック|理津駆|００８４１
ric00842|100842|internal-partner|ric00842@partner.nri.co.jp|株式会社リック|理津駆|００８４２
ric00843|100843|internal-partner|ric00843@partner.nri.co.jp|株式会社リック|理津駆|００８４３
ric00844|100844|internal-partner|ric00844@partner.nri.co.jp|株式会社リック|理津駆|００８４４
ric00845|100845|internal-partner|ric00845@partner.nri.co.jp|株式会社リック|理津駆|００８４５
ric00846|100846|internal-partner|ric00846@partner.nri.co.jp|株式会社リック|理津駆|００８４６
ric00847|100847|internal-partner|ric00847@partner.nri.co.jp|株式会社リック|理津駆|００８４７
ric00848|100848|internal-partner|ric00848@partner.nri.co.jp|株式会社リック|理津駆|００８４８
ric00849|100849|internal-partner|ric00849@partner.nri.co.jp|株式会社リック|理津駆|００８４９
ric00850|100850|internal-partner|ric00850@partner.nri.co.jp|株式会社リック|理津駆|００８５０
ric00851|100851|internal-partner|ric00851@partner.nri.co.jp|株式会社リック|理津駆|００８５１
ric00852|100852|internal-partner|ric00852@partner.nri.co.jp|株式会社リック|理津駆|００８５２
ric00853|100853|internal-partner|ric00853@partner.nri.co.jp|株式会社リック|理津駆|００８５３
ric00854|100854|internal-partner|ric00854@partner.nri.co.jp|株式会社リック|理津駆|００８５４
ric00855|100855|internal-partner|ric00855@partner.nri.co.jp|株式会社リック|理津駆|００８５５
ric00856|100856|internal-partner|ric00856@partner.nri.co.jp|株式会社リック|理津駆|００８５６
ric00857|100857|internal-partner|ric00857@partner.nri.co.jp|株式会社リック|理津駆|００８５７
ric00858|100858|internal-partner|ric00858@partner.nri.co.jp|株式会社リック|理津駆|００８５８
ric00859|100859|internal-partner|ric00859@partner.nri.co.jp|株式会社リック|理津駆|００８５９
ric00860|100860|internal-partner|ric00860@partner.nri.co.jp|株式会社リック|理津駆|００８６０
ric00861|100861|internal-partner|ric00861@partner.nri.co.jp|株式会社リック|理津駆|００８６１
ric00862|100862|internal-partner|ric00862@partner.nri.co.jp|株式会社リック|理津駆|００８６２
ric00863|100863|internal-partner|ric00863@partner.nri.co.jp|株式会社リック|理津駆|００８６３
ric00864|100864|internal-partner|ric00864@partner.nri.co.jp|株式会社リック|理津駆|００８６４
ric00865|100865|internal-partner|ric00865@partner.nri.co.jp|株式会社リック|理津駆|００８６５
ric00866|100866|internal-partner|ric00866@partner.nri.co.jp|株式会社リック|理津駆|００８６６
ric00867|100867|internal-partner|ric00867@partner.nri.co.jp|株式会社リック|理津駆|００８６７
ric00868|100868|internal-partner|ric00868@partner.nri.co.jp|株式会社リック|理津駆|００８６８
ric00869|100869|internal-partner|ric00869@partner.nri.co.jp|株式会社リック|理津駆|００８６９
ric00870|100870|internal-partner|ric00870@partner.nri.co.jp|株式会社リック|理津駆|００８７０
ric00871|100871|internal-partner|ric00871@partner.nri.co.jp|株式会社リック|理津駆|００８７１
ric00872|100872|internal-partner|ric00872@partner.nri.co.jp|株式会社リック|理津駆|００８７２
ric00873|100873|internal-partner|ric00873@partner.nri.co.jp|株式会社リック|理津駆|００８７３
ric00874|100874|internal-partner|ric00874@partner.nri.co.jp|株式会社リック|理津駆|００８７４
ric00875|100875|internal-partner|ric00875@partner.nri.co.jp|株式会社リック|理津駆|００８７５
ric00876|100876|internal-partner|ric00876@partner.nri.co.jp|株式会社リック|理津駆|００８７６
ric00877|100877|internal-partner|ric00877@partner.nri.co.jp|株式会社リック|理津駆|００８７７
ric00878|100878|internal-partner|ric00878@partner.nri.co.jp|株式会社リック|理津駆|００８７８
ric00879|100879|internal-partner|ric00879@partner.nri.co.jp|株式会社リック|理津駆|００８７９
ric00880|100880|internal-partner|ric00880@partner.nri.co.jp|株式会社リック|理津駆|００８８０
ric00881|100881|internal-partner|ric00881@partner.nri.co.jp|株式会社リック|理津駆|００８８１
ric00882|100882|internal-partner|ric00882@partner.nri.co.jp|株式会社リック|理津駆|００８８２
ric00883|100883|internal-partner|ric00883@partner.nri.co.jp|株式会社リック|理津駆|００８８３
ric00884|100884|internal-partner|ric00884@partner.nri.co.jp|株式会社リック|理津駆|００８８４
ric00885|100885|internal-partner|ric00885@partner.nri.co.jp|株式会社リック|理津駆|００８８５
ric00886|100886|internal-partner|ric00886@partner.nri.co.jp|株式会社リック|理津駆|００８８６
ric00887|100887|internal-partner|ric00887@partner.nri.co.jp|株式会社リック|理津駆|００８８７
ric00888|100888|internal-partner|ric00888@partner.nri.co.jp|株式会社リック|理津駆|００８８８
ric00889|100889|internal-partner|ric00889@partner.nri.co.jp|株式会社リック|理津駆|００８８９
ric00890|100890|internal-partner|ric00890@partner.nri.co.jp|株式会社リック|理津駆|００８９０
ric00891|100891|internal-partner|ric00891@partner.nri.co.jp|株式会社リック|理津駆|００８９１
ric00892|100892|internal-partner|ric00892@partner.nri.co.jp|株式会社リック|理津駆|００８９２
ric00893|100893|internal-partner|ric00893@partner.nri.co.jp|株式会社リック|理津駆|００８９３
ric00894|100894|internal-partner|ric00894@partner.nri.co.jp|株式会社リック|理津駆|００８９４
ric00895|100895|internal-partner|ric00895@partner.nri.co.jp|株式会社リック|理津駆|００８９５
ric00896|100896|internal-partner|ric00896@partner.nri.co.jp|株式会社リック|理津駆|００８９６
ric00897|100897|internal-partner|ric00897@partner.nri.co.jp|株式会社リック|理津駆|００８９７
ric00898|100898|internal-partner|ric00898@partner.nri.co.jp|株式会社リック|理津駆|００８９８
ric00899|100899|internal-partner|ric00899@partner.nri.co.jp|株式会社リック|理津駆|００８９９
ric00900|100900|internal-partner|ric00900@partner.nri.co.jp|株式会社リック|理津駆|００９００
ric00901|100901|internal-partner|ric00901@partner.nri.co.jp|株式会社リック|理津駆|００９０１
ric00902|100902|internal-partner|ric00902@partner.nri.co.jp|株式会社リック|理津駆|００９０２
ric00903|100903|internal-partner|ric00903@partner.nri.co.jp|株式会社リック|理津駆|００９０３
ric00904|100904|internal-partner|ric00904@partner.nri.co.jp|株式会社リック|理津駆|００９０４
ric00905|100905|internal-partner|ric00905@partner.nri.co.jp|株式会社リック|理津駆|００９０５
ric00906|100906|internal-partner|ric00906@partner.nri.co.jp|株式会社リック|理津駆|００９０６
ric00907|100907|internal-partner|ric00907@partner.nri.co.jp|株式会社リック|理津駆|００９０７
ric00908|100908|internal-partner|ric00908@partner.nri.co.jp|株式会社リック|理津駆|００９０８
ric00909|100909|internal-partner|ric00909@partner.nri.co.jp|株式会社リック|理津駆|００９０９
ric00910|100910|internal-partner|ric00910@partner.nri.co.jp|株式会社リック|理津駆|００９１０
ric00911|100911|internal-partner|ric00911@partner.nri.co.jp|株式会社リック|理津駆|００９１１
ric00912|100912|internal-partner|ric00912@partner.nri.co.jp|株式会社リック|理津駆|００９１２
ric00913|100913|internal-partner|ric00913@partner.nri.co.jp|株式会社リック|理津駆|００９１３
ric00914|100914|internal-partner|ric00914@partner.nri.co.jp|株式会社リック|理津駆|００９１４
ric00915|100915|internal-partner|ric00915@partner.nri.co.jp|株式会社リック|理津駆|００９１５
ric00916|100916|internal-partner|ric00916@partner.nri.co.jp|株式会社リック|理津駆|００９１６
ric00917|100917|internal-partner|ric00917@partner.nri.co.jp|株式会社リック|理津駆|００９１７
ric00918|100918|internal-partner|ric00918@partner.nri.co.jp|株式会社リック|理津駆|００９１８
ric00919|100919|internal-partner|ric00919@partner.nri.co.jp|株式会社リック|理津駆|００９１９
ric00920|100920|internal-partner|ric00920@partner.nri.co.jp|株式会社リック|理津駆|００９２０
ric00921|100921|internal-partner|ric00921@partner.nri.co.jp|株式会社リック|理津駆|００９２１
ric00922|100922|internal-partner|ric00922@partner.nri.co.jp|株式会社リック|理津駆|００９２２
ric00923|100923|internal-partner|ric00923@partner.nri.co.jp|株式会社リック|理津駆|００９２３
ric00924|100924|internal-partner|ric00924@partner.nri.co.jp|株式会社リック|理津駆|００９２４
ric00925|100925|internal-partner|ric00925@partner.nri.co.jp|株式会社リック|理津駆|００９２５
ric00926|100926|internal-partner|ric00926@partner.nri.co.jp|株式会社リック|理津駆|００９２６
ric00927|100927|internal-partner|ric00927@partner.nri.co.jp|株式会社リック|理津駆|００９２７
ric00928|100928|internal-partner|ric00928@partner.nri.co.jp|株式会社リック|理津駆|００９２８
ric00929|100929|internal-partner|ric00929@partner.nri.co.jp|株式会社リック|理津駆|００９２９
ric00930|100930|internal-partner|ric00930@partner.nri.co.jp|株式会社リック|理津駆|００９３０
ric00931|100931|internal-partner|ric00931@partner.nri.co.jp|株式会社リック|理津駆|００９３１
ric00932|100932|internal-partner|ric00932@partner.nri.co.jp|株式会社リック|理津駆|００９３２
ric00933|100933|internal-partner|ric00933@partner.nri.co.jp|株式会社リック|理津駆|００９３３
ric00934|100934|internal-partner|ric00934@partner.nri.co.jp|株式会社リック|理津駆|００９３４
ric00935|100935|internal-partner|ric00935@partner.nri.co.jp|株式会社リック|理津駆|００９３５
ric00936|100936|internal-partner|ric00936@partner.nri.co.jp|株式会社リック|理津駆|００９３６
ric00937|100937|internal-partner|ric00937@partner.nri.co.jp|株式会社リック|理津駆|００９３７
ric00938|100938|internal-partner|ric00938@partner.nri.co.jp|株式会社リック|理津駆|００９３８
ric00939|100939|internal-partner|ric00939@partner.nri.co.jp|株式会社リック|理津駆|００９３９
ric00940|100940|internal-partner|ric00940@partner.nri.co.jp|株式会社リック|理津駆|００９４０
ric00941|100941|internal-partner|ric00941@partner.nri.co.jp|株式会社リック|理津駆|００９４１
ric00942|100942|internal-partner|ric00942@partner.nri.co.jp|株式会社リック|理津駆|００９４２
ric00943|100943|internal-partner|ric00943@partner.nri.co.jp|株式会社リック|理津駆|００９４３
ric00944|100944|internal-partner|ric00944@partner.nri.co.jp|株式会社リック|理津駆|００９４４
ric00945|100945|internal-partner|ric00945@partner.nri.co.jp|株式会社リック|理津駆|００９４５
ric00946|100946|internal-partner|ric00946@partner.nri.co.jp|株式会社リック|理津駆|００９４６
ric00947|100947|internal-partner|ric00947@partner.nri.co.jp|株式会社リック|理津駆|００９４７
ric00948|100948|internal-partner|ric00948@partner.nri.co.jp|株式会社リック|理津駆|００９４８
ric00949|100949|internal-partner|ric00949@partner.nri.co.jp|株式会社リック|理津駆|００９４９
ric00950|100950|internal-partner|ric00950@partner.nri.co.jp|株式会社リック|理津駆|００９５０
ric00951|100951|internal-partner|ric00951@partner.nri.co.jp|株式会社リック|理津駆|００９５１
ric00952|100952|internal-partner|ric00952@partner.nri.co.jp|株式会社リック|理津駆|００９５２
ric00953|100953|internal-partner|ric00953@partner.nri.co.jp|株式会社リック|理津駆|００９５３
ric00954|100954|internal-partner|ric00954@partner.nri.co.jp|株式会社リック|理津駆|００９５４
ric00955|100955|internal-partner|ric00955@partner.nri.co.jp|株式会社リック|理津駆|００９５５
ric00956|100956|internal-partner|ric00956@partner.nri.co.jp|株式会社リック|理津駆|００９５６
ric00957|100957|internal-partner|ric00957@partner.nri.co.jp|株式会社リック|理津駆|００９５７
ric00958|100958|internal-partner|ric00958@partner.nri.co.jp|株式会社リック|理津駆|００９５８
ric00959|100959|internal-partner|ric00959@partner.nri.co.jp|株式会社リック|理津駆|００９５９
ric00960|100960|internal-partner|ric00960@partner.nri.co.jp|株式会社リック|理津駆|００９６０
ric00961|100961|internal-partner|ric00961@partner.nri.co.jp|株式会社リック|理津駆|００９６１
ric00962|100962|internal-partner|ric00962@partner.nri.co.jp|株式会社リック|理津駆|００９６２
ric00963|100963|internal-partner|ric00963@partner.nri.co.jp|株式会社リック|理津駆|００９６３
ric00964|100964|internal-partner|ric00964@partner.nri.co.jp|株式会社リック|理津駆|００９６４
ric00965|100965|internal-partner|ric00965@partner.nri.co.jp|株式会社リック|理津駆|００９６５
ric00966|100966|internal-partner|ric00966@partner.nri.co.jp|株式会社リック|理津駆|００９６６
ric00967|100967|internal-partner|ric00967@partner.nri.co.jp|株式会社リック|理津駆|００９６７
ric00968|100968|internal-partner|ric00968@partner.nri.co.jp|株式会社リック|理津駆|００９６８
ric00969|100969|internal-partner|ric00969@partner.nri.co.jp|株式会社リック|理津駆|００９６９
ric00970|100970|internal-partner|ric00970@partner.nri.co.jp|株式会社リック|理津駆|００９７０
ric00971|100971|internal-partner|ric00971@partner.nri.co.jp|株式会社リック|理津駆|００９７１
ric00972|100972|internal-partner|ric00972@partner.nri.co.jp|株式会社リック|理津駆|００９７２
ric00973|100973|internal-partner|ric00973@partner.nri.co.jp|株式会社リック|理津駆|００９７３
ric00974|100974|internal-partner|ric00974@partner.nri.co.jp|株式会社リック|理津駆|００９７４
ric00975|100975|internal-partner|ric00975@partner.nri.co.jp|株式会社リック|理津駆|００９７５
ric00976|100976|internal-partner|ric00976@partner.nri.co.jp|株式会社リック|理津駆|００９７６
ric00977|100977|internal-partner|ric00977@partner.nri.co.jp|株式会社リック|理津駆|００９７７
ric00978|100978|internal-partner|ric00978@partner.nri.co.jp|株式会社リック|理津駆|００９７８
ric00979|100979|internal-partner|ric00979@partner.nri.co.jp|株式会社リック|理津駆|００９７９
ric00980|100980|internal-partner|ric00980@partner.nri.co.jp|株式会社リック|理津駆|００９８０
ric00981|100981|internal-partner|ric00981@partner.nri.co.jp|株式会社リック|理津駆|００９８１
ric00982|100982|internal-partner|ric00982@partner.nri.co.jp|株式会社リック|理津駆|００９８２
ric00983|100983|internal-partner|ric00983@partner.nri.co.jp|株式会社リック|理津駆|００９８３
ric00984|100984|internal-partner|ric00984@partner.nri.co.jp|株式会社リック|理津駆|００９８４
ric00985|100985|internal-partner|ric00985@partner.nri.co.jp|株式会社リック|理津駆|００９８５
ric00986|100986|internal-partner|ric00986@partner.nri.co.jp|株式会社リック|理津駆|００９８６
ric00987|100987|internal-partner|ric00987@partner.nri.co.jp|株式会社リック|理津駆|００９８７
ric00988|100988|internal-partner|ric00988@partner.nri.co.jp|株式会社リック|理津駆|００９８８
ric00989|100989|internal-partner|ric00989@partner.nri.co.jp|株式会社リック|理津駆|００９８９
ric00990|100990|internal-partner|ric00990@partner.nri.co.jp|株式会社リック|理津駆|００９９０
ric00991|100991|internal-partner|ric00991@partner.nri.co.jp|株式会社リック|理津駆|００９９１
ric00992|100992|internal-partner|ric00992@partner.nri.co.jp|株式会社リック|理津駆|００９９２
ric00993|100993|internal-partner|ric00993@partner.nri.co.jp|株式会社リック|理津駆|００９９３
ric00994|100994|internal-partner|ric00994@partner.nri.co.jp|株式会社リック|理津駆|００９９４
ric00995|100995|internal-partner|ric00995@partner.nri.co.jp|株式会社リック|理津駆|００９９５
ric00996|100996|internal-partner|ric00996@partner.nri.co.jp|株式会社リック|理津駆|００９９６
ric00997|100997|internal-partner|ric00997@partner.nri.co.jp|株式会社リック|理津駆|００９９７
ric00998|100998|internal-partner|ric00998@partner.nri.co.jp|株式会社リック|理津駆|００９９８
ric00999|100999|internal-partner|ric00999@partner.nri.co.jp|株式会社リック|理津駆|００９９９
ric01000|101000|internal-partner|ric01000@partner.nri.co.jp|株式会社リック|理津駆|０１０００
